Is_Sale,Source,Reference,Town,Type,Stage,Bedrooms,Bathrooms,TotalSqm,IntArea,ExtArea,Price
True,Dhalia,P000238804,St Paul's Bay,Flats,Finished,3,2,145,0,19,318000
True,Dhalia,P000238800,St Paul's Bay,Maisonette,Finished,3,2,155,0,27,310000
True,Dhalia,P000238798,Marsascala,Office,Unclassified,,1,56,56,10,70000
True,Dhalia,P000238797,Tarxien,Duplex Maisonette,Finished,3,2,186,0,10,475000
True,Dhalia,P000238796,Swieqi,Garage,Unclassified,,,63,0,0,140000
True,Dhalia,P000238793,Gudja,Penthouse,Plan,3,2,146,0,20,410000
True,Dhalia,P000238791,Gudja,Flats,Plan,2,2,81,0,10,235000
True,Dhalia,P000238789,Gudja,Flats,Plan,2,2,88,0,10,230000
True,Dhalia,P000238787,Gudja,Flats,Plan,2,1,132,0,10,230000
True,Dhalia,P000238785,Gudja,Maisonette,Plan,2,1,121,0,10,360000
True,Dhalia,P000238784,Zabbar,Flats,Finished,1,2,90,0,4,185000
True,Dhalia,P000238782,Zejtun,Terraced House,Furnished,3,3,255,165,42,755000
True,Dhalia,P000238781,Burmarrad,Flats,Plan,3,2,133,0,6,380000
True,Dhalia,P000238779,Gozo Ghajnsielem,Flats,Unclassified,3,2,105,0,5,211500
True,Dhalia,P000238778,Qormi,Terraced House,Unclassified,3,2,340,230,110,795000
True,Dhalia,P000238777,Swieqi,Penthouse,Furnished,2,2,160,0,75,680000
True,Dhalia,P000238776,Mellieha,Flats,Unclassified,2,3,146,0,16,550000
True,Dhalia,P000238775,Qormi,Townhouse,Furnished,3,2,132,132,14,295000
True,Dhalia,P000238774,Valletta,Shop,Unclassified,,,20,20,0,150000
True,Dhalia,P000238772,Birkirkara,Penthouse,Finished,2,2,131,0,29,350000
True,Dhalia,P000238770,Gozo Kercem,Townhouse,Unclassified,5,2,350,157,100,371000
True,Dhalia,P000238769,Fgura,Penthouse,Finished,3,3,141,0,12,350000
True,Dhalia,P000238763,Gzira,Flats,Unclassified,3,2,110,0,0,249000
True,Dhalia,P000238761,Mellieha,Flats,Unclassified,3,2,139,0,19,280000
True,Dhalia,P000238756,Siggiewi,Penthouse,Plan,1,1,112,0,22,286000
True,Dhalia,P000238752,Siggiewi,Flats,Plan,2,2,112,0,10,255000
True,Dhalia,P000238750,Siggiewi,Flats,Plan,3,2,142,0,10,304000
True,Dhalia,P000238747,Zabbar,Duplex Maisonette,Furnished,2,2,67,30,0,233000
True,Dhalia,P000238744,Dingli,Flats,Unclassified,3,2,170,0,20,355000
True,Dhalia,P000238743,Gudja,Flats,Unclassified,2,1,88,0,4,240000
True,Dhalia,P000238742,San Gwann,Flats,Unclassified,2,1,100,0,15,275000
True,Dhalia,P000238741,Sliema,Flats,Furnished,3,2,170,0,10,450000
True,Dhalia,P000238733,Sliema,Townhouse,Furnished,3,3,150,68,5,585000
True,Dhalia,P000238730,Msida,Townhouse,Plan,3,3,275,135,20,990000
True,Dhalia,P000238729,Zebbug,Flats,Shell,3,2,132,0,14,266000
True,Dhalia,P000238726,Qrendi,Townhouse,Unclassified,3,2,190,80,10,530000
True,Dhalia,P000238725,Zebbug,Townhouse,Furnished,2,2,145,105,10,325000
True,Dhalia,P000238724,Zebbug,Townhouse,Unclassified,2,2,95,55,5,370000
True,Dhalia,P000238722,Gozo Ir-Rabat,Flats,Furnished,3,2,100,0,10,302000
True,Dhalia,P000238721,Naxxar,Penthouse,Furnished,2,2,160,0,80,480000
True,Dhalia,P000238718,Mgarr,Flats,Furnished,1,1,60,0,0,190000
True,Dhalia,P000238717,Gozo Il-Qala,House of Character,Furnished,5,4,500,250,100,900000
True,Dhalia,P000238716,Gozo In-Nadur,Flats,Shell,2,1,85,0,4,148000
True,Dhalia,P000238715,Sliema,Flats,Unclassified,4,2,255,0,55,470000
True,Dhalia,P000238714,Siggiewi,Penthouse,Finished,3,2,171,0,44,525000
True,Dhalia,P000238713,Santa Venera,Flats,Unclassified,2,2,105,0,5,243500
True,Dhalia,P000238711,Swieqi,Flats,Finished,4,2,175,0,13,471000
True,Dhalia,P000238710,Swieqi,Flats,Finished,4,2,188,0,13,471000
True,Dhalia,P000238709,Swieqi,Flats,Finished,4,2,192,0,30,426000
True,Dhalia,P000238708,Swieqi,Flats,Finished,4,2,195,0,20,426000
True,Dhalia,P000238706,Zejtun,House of Character,Furnished,3,2,215,145,35,994500
True,Dhalia,P000238702,Msida,Flats,Finished,3,2,143,0,3,295000
True,Dhalia,P000238701,Qormi,Flats,Finished,3,2,136,0,13,339000
True,Dhalia,P000238699,Qormi,House of Character,Furnished,3,3,325,325,60,1350000
True,Dhalia,P000238697,Gozo In-Nadur,Flats,Plan,3,2,128,0,13,180000
True,Dhalia,P000238696,Marsascala,Townhouse,Unclassified,1,1,57,57,7,375000
True,Dhalia,P000238695,Bugibba,Flats,Finished,3,2,130,0,20,292000
True,Dhalia,P000238694,Bugibba,Flats,Finished,3,2,130,0,20,292000
True,Dhalia,P000238693,Gozo Il-Qala,Flats,Unclassified,3,2,126,0,8,338000
True,Dhalia,P000238692,San Gwann,Terraced House,Furnished,4,2,197,137,31,680000
True,Dhalia,P000238691,Gozo Ix-Xewkija,Townhouse,Unclassified,3,2,423,211,0,847000
True,Dhalia,P000238689,Sliema,Gr Floor Maisonette,Finished,2,1,85,0,10,380000
True,Dhalia,P000238686,Gozo Ir-Rabat,House of Character,Furnished,2,2,120,60,20,233000
True,Dhalia,P000238679,Tarxien,Townhouse,Furnished,3,2,140,50,10,360000
True,Dhalia,P000238678,Mosta,Penthouse,Unclassified,2,1,120,0,19,292500
True,Dhalia,P000238677,Mosta,Penthouse,Unclassified,2,1,118,0,19,292500
True,Dhalia,P000238676,Mosta,Flats,Unclassified,2,2,119,0,10,275500
True,Dhalia,P000238674,Mosta,Office,Unclassified,,,18,18,0,53000
True,Dhalia,P000238673,Gozo Ghajnsielem,Penthouse,Plan,2,1,109,0,24,305000
True,Dhalia,P000238672,Gozo Ghajnsielem,Flats,Plan,2,1,94,0,6,205000
True,Dhalia,P000238670,Luqa,Terraced House,Unclassified,2,3,134,134,14,580000
True,Dhalia,P000238669,Gozo Ghajnsielem,Flats,Plan,3,2,142,0,37,245000
True,Dhalia,P000238668,Gozo Xlendi,Flats,Shell,3,3,90,0,10,175000
True,Dhalia,P000238666,Mosta,Penthouse,Shell,2,1,120,0,40,350000
True,Dhalia,P000238665,Luqa,Flats,Unclassified,3,2,155,0,15,295000
True,Dhalia,P000238664,Gozo Xaghra,Penthouse,Shell,2,2,95,0,5,187500
True,Dhalia,P000238663,Cospicua,Townhouse,Furnished,2,1,134,40,4,265000
True,Dhalia,P000238661,Vittoriosa,Palazzo,Furnished,4,2,275,150,16,1800000
True,Dhalia,P000238660,Qormi,1st Floor Maisonette,Furnished,3,3,153,0,14,349000
True,Dhalia,P000238659,Zejtun,Site,Plan,,,120,120,0,615000
True,Dhalia,P000238658,Gozo Xaghra,Flats,Furnished,3,2,110,0,4,255000
True,Dhalia,P000238657,Zejtun,Maisonette,Furnished,2,3,204,120,80,360000
True,Dhalia,P000238655,Zejtun,Maisonette,Unclassified,2,1,120,0,20,255000
True,Dhalia,P000238652,Qawra,Penthouse,Unclassified,1,1,56,0,11,220000
True,Dhalia,P000238651,Qawra,Flats,Furnished,1,1,66,0,4,190000
True,Dhalia,P000238650,Vittoriosa,Townhouse,Unclassified,2,2,308,120,8,635000
True,Dhalia,P000238644,Fgura,Warehouse,Unclassified,,,325,325,25,450000
True,Dhalia,P000238643,Cospicua,Townhouse,Finished,2,1,140,100,0,280000
True,Dhalia,P000238642,Madliena,Detached Villa,Furnished,9,6,2200,2200,700,11000000
True,Dhalia,P000238641,Zejtun,House of Character,Furnished,2,1,105,75,30,212000
True,Dhalia,P000238640,Mosta,Flats,Finished,3,2,174,0,48,365000
True,Dhalia,P000238638,Santa Venera,Office,Unclassified,,1,120,0,20,265000
True,Dhalia,P000238636,Xghajra,Garage,Unclassified,,,35,0,0,160000
True,Dhalia,P000238634,Naxxar,1st Floor Maisonette,Furnished,2,1,90,0,10,280000
True,Dhalia,P000238632,Zejtun,1st Floor Maisonette,Finished,3,2,145,0,25,423500
True,Dhalia,P000238631,Birzebbuga,Flats,Plan,2,2,92,0,12,260000
True,Dhalia,P000238630,Birzebbuga,Flats,Plan,2,2,92,0,12,260000
True,Dhalia,P000238628,Gozo Xlendi,Penthouse,Shell,1,1,82,0,22,280000
True,Dhalia,P000238627,Gozo Xlendi,Flats,Shell,3,1,91,0,12,260000
True,Dhalia,P000238626,Senglea,Duplex Maisonette,Unclassified,2,2,106,0,5,420000
True,Dhalia,P000238625,Rabat,Maisonette,Shell,2,2,156,0,55,259000
True,Dhalia,P000238624,Qawra,Flats,Finished,3,2,117,0,7,270000
True,Dhalia,P000238623,Rabat,Maisonette,Furnished,1,2,78,0,0,205000
True,Dhalia,P000238622,Birkirkara,Terraced House,Unclassified,4,2,420,350,70,850000
True,Dhalia,P000238621,Gozo Xlendi,Flats,Shell,3,1,91,0,12,215000
True,Dhalia,P000238620,Rabat,Maisonette,Finished,1,1,73,0,8,215000
True,Dhalia,P000238618,Gozo In-Nadur,Flats,Furnished,3,1,120,0,10,320000
True,Dhalia,P000238617,Marsa,Townhouse,Unclassified,2,1,120,82,14,599000
True,Dhalia,P000238615,San Gwann,Semi-Detached Villa,Finished,4,3,240,220,130,790000
True,Dhalia,P000238614,Mosta,Flats,Finished,3,3,163,0,14,479000
True,Dhalia,P000238611,Rabat,Maisonette,Furnished,3,2,185,0,20,499000
True,Dhalia,P000238610,Rabat,Flats,Plan,2,1,94,94,4,245000
True,Dhalia,P000238609,Rabat,Flats,Plan,3,2,133,133,11,285000
True,Dhalia,P000238608,Rabat,Penthouse,Plan,3,3,242,242,107,580000
True,Dhalia,P000238607,Paola,Shop,Unclassified,,,43,43,0,102000
True,Dhalia,P000238606,Hamrun,1st Floor Maisonette,Unclassified,2,2,120,0,10,275000
True,Dhalia,P000238605,Marsascala,Flats,Furnished,3,2,122,0,15,230000
True,Dhalia,P000238604,Zabbar,Flats,Plan,3,2,143,0,18,260000
True,Dhalia,P000238603,Mosta,Flats,Plan,3,2,130,0,17,280000
True,Dhalia,P000238601,Luqa,Office,Finished,,1,100,117,80,150000
True,Dhalia,P000238600,Luqa,Penthouse,Finished,1,1,100,0,85,165000
True,Dhalia,P000238599,Marsascala,Penthouse,Plan,2,2,129,0,29,403000
True,Dhalia,P000238598,Marsascala,Penthouse,Plan,3,2,211,0,93,582000
True,Dhalia,P000238597,Marsascala,Penthouse,Plan,3,2,135,0,24,445000
True,Dhalia,P000238596,Marsascala,Flats,Plan,3,2,139,0,14,286000
True,Dhalia,P000238595,Marsascala,Flats,Plan,2,2,114,0,11,270000
True,Dhalia,P000238594,Marsascala,Flats,Plan,3,2,146,0,28,296000
True,Dhalia,P000238593,Marsascala,Flats,Plan,3,2,138,0,16,286000
True,Dhalia,P000238592,Marsascala,Flats,Plan,3,2,139,0,14,280000
True,Dhalia,P000238591,Marsascala,Flats,Plan,2,2,114,0,11,265000
True,Dhalia,P000238590,Marsascala,Flats,Plan,3,2,146,0,28,290000
True,Dhalia,P000238589,Marsascala,Flats,Plan,3,2,138,0,16,280000
True,Dhalia,P000238588,Marsascala,Flats,Plan,3,2,139,0,14,275000
True,Dhalia,P000238587,Marsascala,Flats,Plan,2,2,114,0,11,259000
True,Dhalia,P000238586,Marsascala,Flats,Plan,3,2,146,0,28,286000
True,Dhalia,P000238585,Marsascala,Flats,Plan,3,2,138,0,16,275000
True,Dhalia,P000238584,Marsascala,Flats,Plan,3,2,139,0,14,270000
True,Dhalia,P000238583,Marsascala,Flats,Plan,2,2,114,0,11,254000
True,Dhalia,P000238582,Marsascala,Flats,Plan,3,2,146,0,28,280000
True,Dhalia,P000238581,Marsascala,Flats,Plan,3,2,138,0,16,270000
True,Dhalia,P000238580,Marsascala,Flats,Plan,3,2,128,0,6,260000
True,Dhalia,P000238579,Marsascala,Flats,Plan,2,2,109,0,10,244000
True,Dhalia,P000238578,Marsascala,Flats,Plan,2,2,116,0,7,254000
True,Dhalia,P000238577,Marsascala,Flats,Plan,3,2,169,0,47,280000
True,Dhalia,P000238575,Zabbar,Flats,Furnished,3,2,97,0,8,295000
True,Dhalia,P000238573,Qormi,2nd Floor maisonette,Unclassified,3,1,243,0,103,415000
True,Dhalia,P000238570,Marsaxlokk,Flats,Shell,2,2,92,0,7,207000
True,Dhalia,P000238569,Gozo Xaghra,Flats,Furnished,2,2,110,0,10,197000
True,Dhalia,P000238568,Gozo L-Gharb,Gr Floor Maisonette,Unclassified,2,1,110,0,10,250000
True,Dhalia,P000238567,Gozo In-Nadur,Gr Floor Maisonette,Shell,3,3,180,0,30,230000
True,Dhalia,P000238565,Senglea,Site,Unclassified,17,17,466,84,46,950000
True,Dhalia,P000238564,Senglea,Guest House - Hotel,Unclassified,17,17,466,84,46,950000
True,Dhalia,P000238563,Senglea,Site,Unclassified,10,10,420,70,30,750000
True,Dhalia,P000238562,Senglea,Guest House - Hotel,Unclassified,10,10,420,70,30,750000
True,Dhalia,P000238559,Floriana,Flats,Furnished,2,1,85,0,0,450000
True,Dhalia,P000238555,Gozo Kercem,Penthouse,Finished,2,2,110,0,15,260000
True,Dhalia,P000238554,Ta'L-ibrag,Duplex Penthouse,Finished,3,3,272,0,110,799000
True,Dhalia,P000238547,Birkirkara,Garage,Unclassified,,,60,0,0,106000
True,Dhalia,P000238544,Msida,Flats,Unclassified,2,1,84,0,6,170000
True,Dhalia,P000238542,St Julians,Guest House - Hotel,Shell,23,20,1008,126,55,1950000
True,Dhalia,P000238541,Valletta,Shop,Unclassified,,,140,70,0,1270000
True,Dhalia,P000238540,Mosta,Townhouse,Unclassified,2,2,290,160,30,675000
True,Dhalia,P000238539,Floriana,1st Floor Maisonette,Furnished,1,2,95,0,35,351000
True,Dhalia,P000238538,Siggiewi,Plot,Plan,,,421,421,0,2015000
True,Dhalia,P000238537,Tarxien,Townhouse,Furnished,2,2,290,225,160,375000
True,Dhalia,P000238535,Sliema,Garage,Unclassified,,,12,0,0,35000
True,Dhalia,P000238529,St Julians,Flats,Unclassified,3,2,180,0,30,430000
True,Dhalia,P000238528,Gudja,Commercial,Unclassified,,,1314,1124,934,1059000
True,Dhalia,P000238526,Siggiewi,Garage,Unclassified,,,15,0,0,24000
True,Dhalia,P000238520,Kalkara,Duplex Maisonette,Furnished,3,2,150,0,40,379000
True,Dhalia,P000238519,Mosta,Flats,Plan,3,2,130,0,17,285000
True,Dhalia,P000238515,Mosta,Flats,Unclassified,3,2,98,0,0,310000
True,Dhalia,P000238514,Hamrun,Garage,Unclassified,,,33,0,0,58000
True,Dhalia,P000238513,Hamrun,Garage,Finished,,,20,0,0,48000
True,Dhalia,P000238511,Qormi,Penthouse,Shell,1,2,100,0,25,197000
True,Dhalia,P000238509,Qormi,Flats,Shell,2,2,109,0,17,197000
True,Dhalia,P000238508,Qormi,Flats,Shell,2,2,109,0,17,197000
True,Dhalia,P000238507,Qormi,Flats,Shell,2,2,122,0,30,197000
True,Dhalia,P000238506,Hamrun,Townhouse,Furnished,3,1,285,182,75,415000
True,Dhalia,P000238503,Hamrun,Garage,Unclassified,,,400,0,0,650000
True,Dhalia,P000238502,Birkirkara,Penthouse,Finished,2,2,100,0,20,308000
True,Dhalia,P000238501,Sliema,Flats,Furnished,3,2,124,0,4,290000
True,Dhalia,P000238500,Gozo Il-Qala,Flats,Shell,3,1,130,0,10,285000
True,Dhalia,P000238496,Birkirkara,Site,Plan,,,225,225,0,1035000
True,Dhalia,P000238495,Sliema,Office,Unclassified,,,280,0,0,1100000
True,Dhalia,P000238487,Gzira,Flats,Finished,3,2,126,0,19,340000
True,Dhalia,P000238486,Gzira,Flats,Finished,3,2,126,0,19,320000
True,Dhalia,P000238483,Tarxien,Penthouse,Plan,2,2,107,93,26,243500
True,Dhalia,P000238481,Tarxien,Flats,Plan,2,2,92,92,10,190600
True,Dhalia,P000238479,Tarxien,Flats,Plan,2,2,92,92,10,185325
True,Dhalia,P000238477,Tarxien,Flats,Plan,2,2,91,0,10,180000
True,Dhalia,P000238476,Tarxien,Maisonette,Plan,3,2,180,0,37,275000
True,Dhalia,P000238475,Swieqi,Flats,Finished,3,2,120,0,15,355000
True,Dhalia,P000238474,Mellieha,Terraced House,Furnished,3,3,180,50,30,800000
True,Dhalia,P000238466,Valletta,Shop,Unclassified,,,120,65,0,5190000
True,Dhalia,P000238464,Floriana,Block of Flats,Unclassified,8,,280,86,70,890000
True,Dhalia,P000238463,Swieqi,Flats,Unclassified,2,1,80,0,10,350000
True,Dhalia,P000238462,Naxxar,Flats,Unclassified,3,2,130,0,5,318000
True,Dhalia,P000238461,Sliema,Site,Plan,,,200,100,10,1200000
True,Dhalia,P000238457,Sliema,Flats,Unclassified,3,2,180,0,24,1038000
True,Dhalia,P000238454,Birkirkara,Garage,Unclassified,,,140,0,10,276000
True,Dhalia,P000238453,Luqa,Flats,Shell,3,2,130,0,10,265000
True,Dhalia,P000238450,Marsa,Shop,Unclassified,,,55,55,0,159000
True,Dhalia,P000238448,Gozo Ix-Xewkija,House of Character,Unconverted,5,5,202,101,42,475000
True,Dhalia,P000238444,Luqa,Penthouse,Shell,2,2,121,0,31,286000
True,Dhalia,P000238443,St Julians,Flats,Furnished,3,2,120,0,110,450000
True,Dhalia,P000238442,Luqa,Flats,Shell,3,2,135,0,10,255000
True,Dhalia,P000238441,Luqa,Commercial,Unclassified,,1,125,150,9,519000
True,Dhalia,P000238439,Msida,Plot,Unclassified,,,1100,185,185,1300000
True,Dhalia,P000238430,Gwardamangia,Flats,Unclassified,2,,84,84,0,179000
True,Dhalia,P000238428,Gozo Xaghra,Flats,Unclassified,3,4,200,0,20,275000
True,Dhalia,P000238427,Mellieha,Terraced House,Furnished,5,3,350,130,50,640000
True,Dhalia,P000238421,Gozo Fontana,House of Character,Furnished,3,2,200,100,70,410000
True,Dhalia,P000238420,Sliema,Flats,Shell,3,2,110,0,18,375000
True,Dhalia,P000238419,San Gwann,Flats,Shell,2,2,85,0,3,220000
True,Dhalia,P000238418,Hamrun,Flats,Unclassified,3,2,101,0,6,225000
True,Dhalia,P000238417,Hamrun,Gr Floor Maisonette,Unclassified,3,2,193,236,43,350000
True,Dhalia,P000238413,L-Iklin,Penthouse,Plan,3,2,170,0,20,425000
True,Dhalia,P000238412,L-Iklin,Flats,Plan,3,3,170,0,10,370000
True,Dhalia,P000238411,L-Iklin,Flats,Plan,3,2,170,0,10,370000
True,Dhalia,P000238410,L-Iklin,Flats,Plan,3,1,170,0,10,370000
True,Dhalia,P000238409,L-Iklin,Flats,Plan,4,1,170,0,10,370000
True,Dhalia,P000238408,Naxxar,Penthouse,Plan,2,2,132,0,48,583000
True,Dhalia,P000238407,Naxxar,Flats,Plan,3,2,139,0,19,397000
True,Dhalia,P000238406,Naxxar,Flats,Plan,3,2,139,0,19,386000
True,Dhalia,P000238405,Naxxar,Flats,Plan,2,2,139,0,19,355000
True,Dhalia,P000238404,Naxxar,Maisonette,Plan,2,2,141,0,31,370000
True,Dhalia,P000238403,Sliema,Flats,Unclassified,3,2,150,0,10,430000
True,Dhalia,P000238402,Marsascala,Flats,Furnished,3,2,121,0,15,280000
True,Dhalia,P000238400,Mellieha,Penthouse,Finished,,,155,0,30,595000
True,Dhalia,P000238399,St Julians,Duplex Penthouse,Finished,4,4,310,0,80,900000
True,Dhalia,P000238398,Zebbug,Townhouse,Furnished,3,3,700,700,450,1900000
True,Dhalia,P000238396,Tarxien,House of Character,Furnished,3,,120,120,30,165000
True,Dhalia,P000238395,Zebbug,Townhouse,Finished,4,5,570,350,160,1250000
True,Dhalia,P000238392,Gozo Marsalforn,Flats,Furnished,2,2,100,0,4,175000
True,Dhalia,P000238387,Zebbug,Townhouse,Finished,4,5,570,350,160,1250000
True,Dhalia,P000238386,Marsaxlokk,Palazzo,Shell,4,6,590,340,140,1650000
True,Dhalia,P000238384,Madliena,Penthouse,Finished,3,3,230,230,60,1500000
True,Dhalia,P000238383,Gudja,House of Character,Furnished,3,2,305,258,118,850000
True,Dhalia,P000238380,L-Iklin,Semi-Det Bungalow,Unclassified,3,2,375,500,320,1650000
True,Dhalia,P000238379,Rabat,Duplex Maisonette,Unclassified,3,2,160,0,40,338000
True,Dhalia,P000238378,Gozo In-Nadur,Flats,Finished,3,2,130,0,3,255000
True,Dhalia,P000238376,Gzira,Penthouse,Finished,2,2,130,0,27,950000
True,Dhalia,P000238375,Gzira,Flats,Finished,2,2,137,0,27,900000
True,Dhalia,P000238374,Gzira,Flats,Finished,2,2,137,0,27,900000
True,Dhalia,P000238371,Gozo Il-Qala,Flats,Finished,3,2,130,0,10,200000
True,Dhalia,P000238370,Gozo Il-Qala,Flats,Finished,3,2,130,0,10,195000
True,Dhalia,P000238368,Gozo In-Nadur,Flats,Finished,3,2,120,0,5,255000
True,Dhalia,P000238367,Zabbar,Penthouse,Finished,1,1,104,0,33,250000
True,Dhalia,P000238366,Zabbar,Penthouse,Finished,2,2,104,0,33,280000
True,Dhalia,P000238365,Zabbar,Flats,Finished,2,2,92,0,9,210000
True,Dhalia,P000238364,Zabbar,Flats,Finished,3,2,122,0,12,225000
True,Dhalia,P000238363,Zabbar,Flats,Finished,2,2,92,0,9,210000
True,Dhalia,P000238362,Zabbar,Flats,Finished,3,2,122,0,12,225000
True,Dhalia,P000238361,Zabbar,Flats,Finished,2,2,92,0,9,230000
True,Dhalia,P000238360,Zabbar,Flats,Finished,3,2,122,0,12,250000
True,Dhalia,P000238358,Xghajra,Flats,Plan,2,2,93,0,10,217000
True,Dhalia,P000238357,Sliema,Flats,Finished,3,2,144,0,20,850000
True,Dhalia,P000238354,Pieta,Maisonette,Finished,3,2,140,0,35,250000
True,Dhalia,P000238353,Pieta,Maisonette,Finished,3,2,140,0,35,275000
True,Dhalia,P000238348,Mellieha,Flats,Furnished,3,2,110,0,8,425000
True,Dhalia,P000238342,Marsascala,Garage,Shell,,,79,0,6,195000
True,Dhalia,P000238337,St Julians,House of Character,Plan,3,2,151,96,13,745000
True,Dhalia,P000238336,Luqa,Commercial,Unclassified,,1,86,86,4,195000
True,Dhalia,P000238335,Birkirkara,1st Floor Maisonette,Unclassified,3,1,220,0,92,350000
True,Dhalia,P000238334,Zurrieq,Flats,Finished,2,2,95,0,5,215000
True,Dhalia,P000238333,Pieta,Penthouse,Plan,1,1,97,325,27,275000
True,Dhalia,P000238331,Zurrieq,Flats,Finished,2,2,95,0,5,215000
True,Dhalia,P000238330,St Julians,Flats,Shell,3,2,130,0,10,850000
True,Dhalia,P000238325,Sliema,Flats,Furnished,2,2,80,0,10,320000
True,Dhalia,P000238323,Birkirkara,1st Floor Maisonette,Unclassified,3,2,150,0,20,225000
True,Dhalia,P000238322,Msida,Flats,Shell,2,1,55,0,5,159000
True,Dhalia,P000238321,Msida,Flats,Shell,2,1,60,0,10,172000
True,Dhalia,P000238319,Msida,Flats,Shell,2,1,60,0,10,157000
True,Dhalia,P000238317,Fgura,Gr Floor Maisonette,Furnished,2,1,155,0,5,245000
True,Dhalia,P000238316,Msida,Penthouse,Furnished,2,1,76,0,16,280000
True,Dhalia,P000238315,Birkirkara,Flats,Unclassified,2,1,200,0,40,286000
True,Dhalia,P000238310,Bahar ic-Caghaq,Terraced House,Finished,4,5,560,330,200,1200000
True,Dhalia,P000238308,Mosta,Duplex Penthouse,Finished,3,2,291,0,164,750000
True,Dhalia,P000238307,Mosta,Flats,Finished,3,2,126,0,19,387000
True,Dhalia,P000238306,Rabat,House of Character,Furnished,3,2,134,78,11,440000
True,Dhalia,P000238303,Mosta,Flats,Finished,3,2,126,0,19,365000
True,Dhalia,P000238299,Gozo Kercem,Terraced House,Unclassified,6,4,300,150,60,850000
True,Dhalia,P000238298,Fgura,2nd Floor maisonette,Unclassified,3,2,140,0,4,344000
True,Dhalia,P000238296,Marsascala,Flats,Furnished,3,2,118,0,18,240000
True,Dhalia,P000238295,Ta'Xbiex,Flats,Unclassified,2,2,87,0,3,245000
True,Dhalia,P000238294,Ta'Xbiex,Flats,Finished,1,1,60,0,5,198000
True,Dhalia,P000238293,Ta'Xbiex,Flats,Finished,1,1,60,0,5,198000
True,Dhalia,P000238292,Ta'L-ibrag,Flats,Finished,3,2,127,0,3,440000
True,Dhalia,P000238278,Gozo Kercem,Penthouse,Unclassified,3,3,126,0,23,265000
True,Dhalia,P000238268,Msida,Flats,Finished,2,2,90,0,0,220000
True,Dhalia,P000238267,Gozo Il-Qala,Plot,Unclassified,5,3,154,0,0,300000
True,Dhalia,P000238266,Santa Venera,Flats,Finished,2,2,90,0,10,160000
True,Dhalia,P000238265,Ta'L-ibrag,Maisonette,Furnished,3,2,150,0,25,370000
True,Dhalia,P000238263,Pieta,Flats,Finished,3,2,120,0,15,220000
True,Dhalia,P000238262,Gozo Ghajnsielem,Flats,Unclassified,2,1,450,0,350,424000
True,Dhalia,P000238261,Santa Venera,1st Floor Maisonette,Furnished,3,2,189,0,60,312000
True,Dhalia,P000238260,Gozo Sannat,Flats,Finished,3,2,140,0,8,320000
True,Dhalia,P000238259,Marsaxlokk,Plot,Unclassified,,,300,300,300,959000
True,Dhalia,P000238258,Birkirkara,Maisonette,Finished,3,2,202,0,33,415000
True,Dhalia,P000238257,St Paul's Bay,Garage,Unclassified,,,55,0,0,200000
True,Dhalia,P000238256,Ta'Xbiex,Flats,Unclassified,2,2,65,65,15,250000
True,Dhalia,P000238251,Swieqi,Penthouse,Finished,1,1,160,0,60,499000
True,Dhalia,P000238248,Attard,Flats,Finished,2,2,120,0,15,350000
True,Dhalia,P000238243,St Julians,Flats,Furnished,2,1,85,0,10,310000
True,Dhalia,P000238241,St Julians,Flats,Furnished,2,1,85,0,10,310000
True,Dhalia,P000238240,Valletta,Shop,Furnished,,,25,0,25,350000
True,Dhalia,P000238239,Bugibba,Flats,Plan,1,1,65,0,2,175000
True,Dhalia,P000238238,Fgura,Flats,Plan,2,2,91,0,9,205000
True,Dhalia,P000238237,Sliema,Garage,Unclassified,,,16,0,0,38000
True,Dhalia,P000238236,Santa Venera,Flats,Plan,2,2,100,100,10,245000
True,Dhalia,P000238233,Valletta,Townhouse,Unclassified,4,2,300,150,30,1500000
True,Dhalia,P000238231,Balzan,Flats,Unclassified,3,2,135,0,35,335000
True,Dhalia,P000238229,Mqabba,Farmhouse,Furnished,5,3,640,640,170,1100000
True,Dhalia,P000238228,Santa Venera,Flats,Unclassified,2,2,113,0,9,244000
True,Dhalia,P000238227,Gozo Ghajnsielem,Flats,Unclassified,2,2,88,0,7,160000
True,Dhalia,P000238226,Qormi,Gr Floor Maisonette,Furnished,3,2,155,0,30,295000
True,Dhalia,P000238224,Gudja,Flats,Unclassified,2,2,115,0,25,229000
True,Dhalia,P000238222,Mosta,Flats,Furnished,3,2,126,0,10,270000
True,Dhalia,P000238219,Qormi,Flats,Finished,4,3,143,0,7,275000
True,Dhalia,P000238217,Qormi,Flats,Finished,4,3,145,0,13,265000
True,Dhalia,P000238216,Qormi,Flats,Finished,4,3,143,0,5,255000
True,Dhalia,P000238215,Ta'L-ibrag,Semi-Detached Villa,Plan,4,4,400,200,139,1890000
True,Dhalia,P000238214,Birkirkara,Duplex Penthouse,Furnished,3,2,125,0,30,255000
True,Dhalia,P000238213,Floriana,Block of Flats,Furnished,6,,315,71,82,750000
True,Dhalia,P000238212,Sliema,1st Flr Mais (2flrs),Finished,2,3,156,78,28,585000
True,Dhalia,P000238211,Burmarrad,Garage,Unclassified,,,27,0,0,48000
True,Dhalia,P000238210,Qrendi,Penthouse,Finished,2,2,140,0,45,360000
True,Dhalia,P000238209,Qrendi,Flats,Finished,3,2,142,0,22,300000
True,Dhalia,P000238206,Ghaxaq,Flats,Finished,1,1,62,0,8,175000
True,Dhalia,P000238203,Zabbar,2nd Floor maisonette,Furnished,3,2,130,0,20,239000
True,Dhalia,P000238200,Burmarrad,Penthouse,Plan,3,2,356,0,166,825000
True,Dhalia,P000238199,Burmarrad,Flats,Plan,3,2,291,0,80,645000
True,Dhalia,P000238198,Burmarrad,Flats,Plan,3,2,185,0,40,515000
True,Dhalia,P000238197,Burmarrad,Flats,Plan,3,2,167,0,22,380000
True,Dhalia,P000238196,Burmarrad,Flats,Plan,3,2,189,0,20,390000
True,Dhalia,P000238195,Burmarrad,Flats,Plan,3,2,167,0,22,370000
True,Dhalia,P000238194,Burmarrad,Flats,Plan,3,2,133,0,6,370000
True,Dhalia,P000238193,Burmarrad,Flats,Plan,3,2,133,0,6,360000
True,Dhalia,P000238192,Qrendi,Duplex Apartment,Finished,3,2,165,0,50,370000
True,Dhalia,P000238191,Burmarrad,Flats,Plan,3,2,210,0,41,382000
True,Dhalia,P000238190,Msida,Penthouse,Unclassified,1,2,102,102,30,205000
True,Dhalia,P000238189,Burmarrad,Maisonette,Plan,3,2,135,0,12,360000
True,Dhalia,P000238188,Burmarrad,Maisonette,Plan,3,2,154,0,9,350000
True,Dhalia,P000238187,Naxxar,Gr Floor Maisonette,Unclassified,3,2,145,0,15,280000
True,Dhalia,P000238182,Fgura,Flats,Unclassified,3,1,124,0,8,370000
True,Dhalia,P000238177,St Julians,Townhouse,Furnished,3,2,350,210,120,1150000
True,Dhalia,P000238175,Gozo In-Nadur,Duplex Maisonette,Shell,1,3,263,0,50,405000
True,Dhalia,P000238174,Tarxien,Penthouse,Finished,1,1,93,0,25,222000
True,Dhalia,P000238171,Tarxien,Flats,Finished,2,1,108,0,10,185000
True,Dhalia,P000238170,Attard,Flats,Unclassified,3,1,115,0,5,275000
True,Dhalia,P000238168,Fgura,Penthouse,Unclassified,2,2,117,0,54,210000
True,Dhalia,P000238167,Fgura,Penthouse,Unclassified,3,2,133,0,38,255000
True,Dhalia,P000238161,Fgura,Flats,Unclassified,3,2,137,0,16,200000
True,Dhalia,P000238160,Fgura,Gr Floor Maisonette,Unclassified,3,2,148,0,30,213000
True,Dhalia,P000238157,St Paul's Bay,Maisonette,Finished,2,2,108,0,2,355000
True,Dhalia,P000238156,St Paul's Bay,Maisonette,Finished,2,2,98,0,4,345000
True,Dhalia,P000238155,St Paul's Bay,Maisonette,Finished,2,2,108,0,2,335000
True,Dhalia,P000238154,St Paul's Bay,Maisonette,Finished,2,2,97,0,2,325000
True,Dhalia,P000238153,Ghaxaq,Townhouse,Unclassified,3,4,678,343,148,1050000
True,Dhalia,P000238152,St Paul's Bay,Maisonette,Finished,2,2,101,0,0,325000
True,Dhalia,P000238150,Ghaxaq,Townhouse,Unclassified,2,2,250,95,35,550000
True,Dhalia,P000238149,St Paul's Bay,Maisonette,Finished,1,2,66,0,0,255000
True,Dhalia,P000238145,Senglea,House of Character,Furnished,3,2,200,105,20,520000
True,Dhalia,P000238144,Qrendi,Flats,Finished,3,2,114,0,35,282000
True,Dhalia,P000238143,Fgura,Flats,Furnished,3,1,98,0,8,265000
True,Dhalia,P000238142,Siggiewi,Penthouse,Finished,3,2,265,0,160,520000
True,Dhalia,P000238138,Gozo Xaghra,Terraced House,Shell,3,3,210,70,45,400000
True,Dhalia,P000238137,Gozo Xaghra,Terraced House,Shell,3,3,210,70,45,400000
True,Dhalia,P000238135,Attard,Semi-Detached Villa,Finished,4,3,330,520,370,1650000
True,Dhalia,P000238131,Attard,1st Floor Maisonette,Unclassified,4,3,130,0,15,460000
True,Dhalia,P000238128,Birkirkara,Penthouse,Plan,2,2,178,0,90,300000
True,Dhalia,P000238118,Birkirkara,Flats,Plan,2,2,100,0,4,200000
True,Dhalia,P000238114,Birkirkara,Maisonette,Plan,2,2,112,0,21,220000
True,Dhalia,P000238112,Birkirkara,Maisonette,Plan,3,2,227,0,77,315000
True,Dhalia,P000238111,Attard,Semi-Detached Villa,Unclassified,4,2,475,350,220,850000
True,Dhalia,P000238108,Zejtun,Townhouse,Unclassified,5,3,760,760,90,1059000
True,Dhalia,P000238103,Zabbar,Flats,Unclassified,1,1,98,0,0,164000
True,Dhalia,P000238101,Floriana,Maisonette,Finished,2,2,69,0,4,325000
True,Dhalia,P000238100,Marsaxlokk,Penthouse,Plan,3,1,309,0,143,546000
True,Dhalia,P000238099,Marsaxlokk,Penthouse,Plan,3,2,179,0,40,456000
True,Dhalia,P000238098,Marsaxlokk,Penthouse,Plan,3,2,155,0,31,416000
True,Dhalia,P000238097,Marsaxlokk,Penthouse,Plan,3,2,163,0,33,446000
True,Dhalia,P000238096,Marsaxlokk,Penthouse,Plan,2,1,120,0,35,326000
True,Dhalia,P000238095,Marsaxlokk,Penthouse,Plan,3,2,160,0,32,436000
True,Dhalia,P000238093,Marsaxlokk,Flats,Plan,3,1,143,0,17,271000
True,Dhalia,P000238092,Gozo Xaghra,Penthouse,Shell,3,1,140,0,20,250000
True,Dhalia,P000238091,Marsaxlokk,Flats,Plan,3,2,172,0,19,311000
True,Dhalia,P000238089,Marsaxlokk,Flats,Plan,3,2,164,0,23,291000
True,Dhalia,P000238088,Marsaxlokk,Flats,Plan,3,2,127,0,15,256000
True,Dhalia,P000238087,Gozo Xaghra,Flats,Shell,3,2,154,0,10,200000
True,Dhalia,P000238082,Marsaxlokk,Flats,Plan,3,2,127,0,15,256000
True,Dhalia,P000238081,Marsaxlokk,Flats,Plan,3,2,136,0,16,256000
True,Dhalia,P000238080,Marsaxlokk,Flats,Plan,3,2,166,0,20,296000
True,Dhalia,P000238079,Marsaxlokk,Flats,Plan,3,1,143,0,17,256000
True,Dhalia,P000238078,Marsaxlokk,Flats,Plan,3,2,172,0,19,296000
True,Dhalia,P000238077,Fgura,Gr Floor Maisonette,Unclassified,1,1,70,0,0,159000
True,Dhalia,P000238075,Marsaxlokk,Flats,Plan,3,2,154,0,17,276000
True,Dhalia,P000238074,Marsaxlokk,Flats,Plan,3,2,164,0,23,276000
True,Dhalia,P000238073,Marsaxlokk,Flats,Plan,3,2,127,0,15,246000
True,Dhalia,P000238072,Rabat,1st Floor Maisonette,Unclassified,2,1,150,0,30,350000
True,Dhalia,P000238071,Marsaxlokk,Flats,Plan,3,2,136,0,16,246000
True,Dhalia,P000238070,Marsaxlokk,Maisonette,Plan,3,2,164,0,29,286000
True,Dhalia,P000238069,Marsaxlokk,Maisonette,Plan,2,1,124,0,42,241000
True,Dhalia,P000238068,Marsaxlokk,Maisonette,Plan,3,1,175,0,54,296000
True,Dhalia,P000238066,Marsaxlokk,Maisonette,Plan,3,2,181,0,38,326000
True,Dhalia,P000238065,Marsaxlokk,Maisonette,Plan,3,2,197,0,40,336000
True,Dhalia,P000238064,Marsaxlokk,Maisonette,Plan,1,1,82,0,14,186000
True,Dhalia,P000238063,Marsaxlokk,Maisonette,Plan,3,2,177,0,50,306000
True,Dhalia,P000238062,Fgura,Gr Floor Maisonette,Unclassified,3,1,120,0,20,243500
True,Dhalia,P000238061,Santa Venera,Duplex Penthouse,Finished,3,3,200,110,50,575000
True,Dhalia,P000238060,Hamrun,Penthouse,Plan,3,2,147,0,56,405000
True,Dhalia,P000238059,Hamrun,Flats,Plan,2,2,92,0,7,196000
True,Dhalia,P000238058,Gozo Xaghra,Penthouse,Furnished,3,2,240,0,120,355000
True,Dhalia,P000238057,Birzebbuga,Townhouse,Unclassified,4,2,184,61,9,320000
True,Dhalia,P000238055,Sliema,Flats,Unclassified,3,,145,0,5,380000
True,Dhalia,P000238051,Gozo Xaghra,Maisonette,Shell,2,1,270,0,155,230000
True,Dhalia,P000238050,Senglea,1st Floor Maisonette,Unclassified,1,1,30,0,2,143000
True,Dhalia,P000238049,Qawra,Flats,Unclassified,3,2,120,0,13,360000
True,Dhalia,P000238047,Marsaxlokk,Flats,Furnished,3,2,151,0,21,480000
True,Dhalia,P000238046,Gozo Fontana,Terraced House,Shell,3,4,340,85,40,315000
True,Dhalia,P000238045,Gozo Fontana,Terraced House,Shell,3,3,255,85,55,315000
True,Dhalia,P000238044,Fgura,Penthouse,Finished,3,2,149,0,34,325000
True,Dhalia,P000238042,Balzan,Penthouse,Plan,2,2,135,120,24,395000
True,Dhalia,P000238040,Balzan,Flats,Plan,3,2,138,138,14,365000
True,Dhalia,P000238038,Balzan,Flats,Plan,3,2,138,138,14,360000
True,Dhalia,P000238036,Balzan,Flats,Plan,3,2,138,138,14,350000
True,Dhalia,P000238034,Balzan,Maisonette,Plan,3,2,151,0,31,360000
True,Dhalia,P000238031,Mosta,Penthouse,Unclassified,2,2,117,0,29,300000
True,Dhalia,P000238025,Zejtun,Penthouse,Plan,2,2,121,121,26,320000
True,Dhalia,P000238022,Zejtun,Flats,Plan,3,3,136,136,15,250000
True,Dhalia,P000238020,Zejtun,Flats,Plan,3,3,136,136,13,245000
True,Dhalia,P000238018,Zejtun,Flats,Plan,3,3,193,0,74,300000
True,Dhalia,P000238017,Zejtun,Maisonette,Plan,3,4,253,0,83,395000
True,Dhalia,P000238013,Mosta,Flats,Finished,3,2,151,151,41,520000
True,Dhalia,P000238012,Mosta,Flats,Finished,2,1,92,92,3,255000
True,Dhalia,P000238010,Mosta,Flats,Finished,2,1,92,92,3,250000
True,Dhalia,P000238006,Gozo Iz-Zebbug,Flats,Unclassified,2,2,130,0,10,550000
True,Dhalia,P000238004,Mosta,Flats,Finished,2,1,100,100,5,225000
True,Dhalia,P000238003,Mosta,Flats,Finished,2,1,100,0,10,260000
True,Dhalia,P000238002,St Julians,Flats,Finished,3,2,178,178,74,600000
True,Dhalia,P000238001,St Julians,Flats,Finished,2,1,95,95,4,315000
True,Dhalia,P000237998,St Julians,Flats,Finished,2,1,93,93,4,300000
True,Dhalia,P000237996,St Julians,Flats,Finished,2,1,93,93,4,290000
True,Dhalia,P000237994,St Julians,Flats,Finished,2,1,93,93,4,285000
True,Dhalia,P000237992,St Julians,Flats,Finished,2,1,92,92,6,280000
True,Dhalia,P000237990,St Julians,Flats,Finished,1,1,75,0,0,250000
True,Dhalia,P000237988,Paola,Garage,Unclassified,,,125,0,25,225000
True,Dhalia,P000237987,St Julians,Flats,Plan,3,2,121,0,19,425000
True,Dhalia,P000237983,San Gwann,Flats,Finished,2,2,100,0,10,245000
True,Dhalia,P000237981,St Paul's Bay,Flats,Finished,2,2,80,0,8,225000
True,Dhalia,P000237978,Attard,House of Character,Furnished,4,5,597,430,185,1600000
True,Dhalia,P000237977,St Julians,Gr Floor Maisonette,Plan,3,2,146,0,43,382580
True,Dhalia,P000237975,St Julians,Flats,Plan,4,2,160,0,24,420000
True,Dhalia,P000237972,St Julians,Flats,Unclassified,2,,95,95,5,425000
True,Dhalia,P000237969,Marsascala,Garage,Unclassified,,,26,0,0,43000
True,Dhalia,P000237968,Gozo Il-Qala,House of Character,Furnished,3,2,80,80,20,205000
True,Dhalia,P000237966,Floriana,Flats,Unclassified,2,1,80,0,0,595000
True,Dhalia,P000237962,Tarxien,House of Character,Furnished,2,2,140,70,0,215000
True,Dhalia,P000237957,Mellieha,Penthouse,Plan,3,2,144,3000,0,350000
True,Dhalia,P000237953,Msida,Penthouse,Finished,1,1,85,85,25,255000
True,Dhalia,P000237945,Attard,Flats,Furnished,2,2,83,0,3,240000
True,Dhalia,P000237929,Valletta,Palazzo,Unclassified,4,3,268,125,18,2400000
True,Dhalia,P000237928,Gzira,Flats,Plan,2,2,96,0,9,223000
True,Dhalia,P000237927,Gzira,Flats,Plan,2,2,101,0,10,225000
True,Dhalia,P000237926,Gzira,Flats,Plan,2,2,111,0,13,224000
True,Dhalia,P000237920,Mellieha,Detached Bungalow,Furnished,3,3,1250,1150,975,1700000
True,Dhalia,P000237918,Birkirkara,Townhouse,Unclassified,3,2,220,100,20,425000
True,Dhalia,P000237916,Birkirkara,Townhouse,Unclassified,2,2,170,90,20,330000
True,Dhalia,P000237915,Birkirkara,Townhouse,Unclassified,3,2,163,88,13,340000
True,Dhalia,P000237912,Gozo Sannat,Flats,Shell,3,2,135,0,11,170000
True,Dhalia,P000237910,Sliema,Penthouse,Finished,3,2,221,221,103,825000
True,Dhalia,P000237908,Gozo Sannat,Penthouse,Shell,2,2,129,0,21,320000
True,Dhalia,P000237905,Gozo Sannat,Maisonette,Shell,2,1,137,0,29,240000
True,Dhalia,P000237903,Balzan,Flats,Finished,3,2,169,0,19,434000
True,Dhalia,P000237900,Gozo Ix-Xewkija,Terraced House,Shell,3,3,200,100,50,325000
True,Dhalia,P000237899,Gozo Ix-Xewkija,Penthouse,Shell,2,2,125,0,19,180000
True,Dhalia,P000237897,Gozo Ix-Xewkija,Penthouse,Shell,3,2,108,0,17,170000
True,Dhalia,P000237896,Balzan,Townhouse,Unclassified,3,3,1530,1250,1000,2200000
True,Dhalia,P000237894,Gozo L-Gharb,Penthouse,Plan,2,1,160,0,79,398000
True,Dhalia,P000237893,Gozo L-Gharb,Flats,Plan,3,2,127,0,11,338000
True,Dhalia,P000237892,Gozo L-Gharb,Maisonette,Plan,2,2,101,0,10,308000
True,Dhalia,P000237887,St Paul's Bay,Penthouse,Unclassified,2,2,122,0,35,276000
True,Dhalia,P000237884,Hamrun,Shop,Furnished,,,35,35,0,210000
True,Dhalia,P000237882,Gozo Ir-Rabat,Terraced House,Shell,3,2,223,91,58,420000
True,Dhalia,P000237881,St Paul's Bay,Penthouse,Finished,2,2,86,0,20,320000
True,Dhalia,P000237880,St Paul's Bay,Penthouse,Finished,2,2,88,0,20,320000
True,Dhalia,P000237879,Hamrun,Maisonette,Unclassified,3,2,190,0,38,271000
True,Dhalia,P000237870,Zurrieq,Farmhouse,Unclassified,4,1,3500,3420,2900,2120000
True,Dhalia,P000237869,Gharghur,Gr Floor Maisonette,Finished,3,2,104,124,20,340000
True,Dhalia,P000237866,Tarxien,Penthouse,Plan,3,2,160,0,35,315000
True,Dhalia,P000237854,Marsaxlokk,Penthouse,Finished,2,1,108,108,37,320000
True,Dhalia,P000237852,Birzebbuga,Penthouse,Finished,2,2,115,0,13,297000
True,Dhalia,P000237851,Ghaxaq,Flats,Shell,3,2,140,140,0,290000
True,Dhalia,P000237850,Ghaxaq,Flats,Shell,3,2,143,143,0,290000
True,Dhalia,P000237849,Birzebbuga,Flats,Finished,3,2,115,0,8,207000
True,Dhalia,P000237848,Birzebbuga,Garage,Unclassified,,,109,0,6,190000
True,Dhalia,P000237845,Gozo Xaghra,Farmhouse,Furnished,3,3,340,180,96,635000
True,Dhalia,P000237844,Gozo Ix-Xewkija,Farmhouse,Unclassified,3,4,317,79,99,398000
True,Dhalia,P000237842,Qawra,Gr Floor Maisonette,Furnished,2,1,129,0,36,295000
True,Dhalia,P000237841,Gozo Ix-Xewkija,Farmhouse,Unclassified,4,3,282,94,85,358000
True,Dhalia,P000237840,Gozo Ix-Xewkija,Farmhouse,Unclassified,4,4,233,77,38,298000
True,Dhalia,P000237837,Safi,Penthouse,Unclassified,3,2,133,0,34,345000
True,Dhalia,P000237835,Zejtun,1st Floor Maisonette,Furnished,3,3,240,0,50,339000
True,Dhalia,P000237834,Msida,Flats,Unclassified,2,2,95,0,7,190000
True,Dhalia,P000237832,Gozo L-Gharb,Penthouse,Unclassified,2,1,131,0,37,300000
True,Dhalia,P000237831,San Gwann,Penthouse,Finished,3,2,147,0,20,689000
True,Dhalia,P000237829,Cospicua,Townhouse,Unclassified,3,1,154,60,14,350000
True,Dhalia,P000237827,Gozo Ir-Rabat,House of Character,Unclassified,3,2,270,90,20,380000
True,Dhalia,P000237825,Santa Venera,Flats,Plan,1,1,76,76,16,225000
True,Dhalia,P000237823,Santa Venera,Flats,Plan,2,2,113,113,23,255000
True,Dhalia,P000237821,Santa Venera,Flats,Plan,2,2,113,113,23,255000
True,Dhalia,P000237819,Santa Venera,Flats,Plan,2,1,105,105,6,230000
True,Dhalia,P000237817,Santa Venera,Flats,Plan,2,2,104,104,6,230000
True,Dhalia,P000237815,Santa Venera,Flats,Plan,2,2,98,98,6,230000
True,Dhalia,P000237811,Santa Venera,Flats,Plan,2,2,100,100,9,225000
True,Dhalia,P000237810,Santa Venera,Flats,Plan,2,2,103,103,5,225000
True,Dhalia,P000237807,Santa Venera,Flats,Plan,3,2,121,121,5,210000
True,Dhalia,P000237805,Santa Venera,Flats,Plan,2,1,110,110,6,225000
True,Dhalia,P000237803,Santa Venera,Flats,Plan,2,2,104,104,6,225000
True,Dhalia,P000237800,Santa Venera,Flats,Plan,3,2,122,122,6,210000
True,Dhalia,P000237798,Sliema,Flats,Finished,2,2,151,0,34,1050000
True,Dhalia,P000237797,Santa Venera,Flats,Plan,2,2,196,196,94,245000
True,Dhalia,P000237795,Santa Venera,Flats,Plan,2,2,115,115,23,245000
True,Dhalia,P000237794,Santa Venera,Flats,Plan,2,1,102,102,20,210000
True,Dhalia,P000237790,San Gwann,Penthouse,Plan,3,2,164,164,32,480000
True,Dhalia,P000237787,San Gwann,Flats,Plan,3,2,182,182,23,375000
True,Dhalia,P000237786,San Gwann,Flats,Plan,3,2,182,182,23,365000
True,Dhalia,P000237784,San Gwann,Flats,Plan,3,2,209,0,50,355000
True,Dhalia,P000237783,Zabbar,Penthouse,Shell,2,1,100,0,36,215000
True,Dhalia,P000237780,Zabbar,Flats,Finished,2,2,101,0,7,215000
True,Dhalia,P000237778,Zabbar,Flats,Finished,2,2,107,0,13,215000
True,Dhalia,P000237777,Santa Venera,Duplex Penthouse,Furnished,2,2,168,0,36,360000
True,Dhalia,P000237776,Birkirkara,1st Floor Maisonette,Unclassified,2,1,220,0,90,498000
True,Dhalia,P000237775,Floriana,Block of Flats,Unclassified,8,,350,110,85,1165000
True,Dhalia,P000237773,Rabat,Plot,Unclassified,,,230,90,50,350000
True,Dhalia,P000237772,Qawra,Penthouse,Plan,1,2,79,79,22,205000
True,Dhalia,P000237768,Qawra,Flats,Plan,2,2,96,96,15,245000
True,Dhalia,P000237762,Qawra,Flats,Plan,2,2,94,94,8,247000
True,Dhalia,P000237758,Qawra,Flats,Plan,2,2,96,96,15,236000
True,Dhalia,P000237755,Qawra,Flats,Plan,2,2,94,94,9,225000
True,Dhalia,P000237749,Qawra,Flats,Plan,2,2,96,96,15,227000
True,Dhalia,P000237743,Qawra,Flats,Plan,2,2,96,96,15,225000
True,Dhalia,P000237740,Qawra,Flats,Plan,2,2,96,96,6,200000
True,Dhalia,P000237738,Mellieha,Detached Villa,Furnished,9,10,2800,2000,2200,3720000
True,Dhalia,P000237735,Valletta,Penthouse,Finished,2,2,130,0,50,1800000
True,Dhalia,P000237734,Mellieha,Penthouse,Finished,3,3,247,0,50,1060000
True,Dhalia,P000237733,Hamrun,Flats,Finished,2,2,115,0,10,180000
True,Dhalia,P000237732,Hamrun,Townhouse,Unclassified,4,3,240,240,65,424000
True,Dhalia,P000237729,St Julians,Flats,Furnished,2,1,126,0,11,350000
True,Dhalia,P000237728,Naxxar,Gr Floor Maisonette,Finished,4,3,300,300,50,625000
True,Dhalia,P000237724,Zurrieq,Flats,Plan,2,2,111,0,17,245000
True,Dhalia,P000237723,Zurrieq,Flats,Plan,2,2,111,0,17,240000
True,Dhalia,P000237722,Zurrieq,Penthouse,Plan,2,2,102,0,31,270000
True,Dhalia,P000237721,Zurrieq,Flats,Plan,2,2,111,0,17,233000
True,Dhalia,P000237720,Balzan,House of Character,Unclassified,2,2,110,40,5,375000
True,Dhalia,P000237718,Zejtun,Flats,Shell,2,2,90,0,9,185000
True,Dhalia,P000237717,Zurrieq,House of Character,Furnished,3,2,360,200,43,730000
True,Dhalia,P000237713,Zabbar,Terraced House,Furnished,3,2,260,100,35,570000
True,Dhalia,P000237712,Zebbug,Townhouse,Furnished,3,3,144,60,5,361000
True,Dhalia,P000237708,Gozo Ghajnsielem,Flats,Shell,3,2,108,0,3,148500
True,Dhalia,P000237707,Gozo Ghajnsielem,Maisonette,Shell,2,2,312,0,19,244500
True,Dhalia,P000237703,Mellieha,Detached Villa,Furnished,6,6,1198,1014,804,1860000
True,Dhalia,P000237700,Gozo Xaghra,Maisonette,Plan,3,2,110,0,0,160000
True,Dhalia,P000237699,Hamrun,Maisonette,Unclassified,3,2,132,0,22,265000
True,Dhalia,P000237697,Gozo Kercem,Maisonette,Plan,2,3,192,0,7,245000
True,Dhalia,P000237696,Tarxien,Flats,Shell,3,2,121,0,15,220000
True,Dhalia,P000237690,Sliema,Townhouse,Unclassified,5,3,224,72,30,850000
True,Dhalia,P000237689,Luqa,Townhouse,Unclassified,2,1,180,118,20,335000
True,Dhalia,P000237688,Marsascala,Flats,Finished,3,2,116,0,16,265000
True,Dhalia,P000237687,Qrendi,Penthouse,Unclassified,2,2,122,0,50,309000
True,Dhalia,P000237686,Pieta,Garage,Unclassified,,,16,0,0,32500
True,Dhalia,P000237683,Pieta,Flats,Unclassified,1,1,62,0,7,165000
True,Dhalia,P000237681,Balzan,Garage,Plan,,,19,19,0,37000
True,Dhalia,P000237680,Balzan,Garage,Plan,,,19,19,0,37000
True,Dhalia,P000237679,Balzan,Garage,Plan,,,20,20,0,37000
True,Dhalia,P000237678,Balzan,Garage,Plan,,,18,18,0,36000
True,Dhalia,P000237677,Balzan,Garage,Plan,,,30,30,0,40000
True,Dhalia,P000237676,Balzan,Garage,Plan,,,19,19,0,35000
True,Dhalia,P000237675,Balzan,Garage,Plan,,,19,19,0,35000
True,Dhalia,P000237674,Balzan,Garage,Plan,,,17,17,0,34000
True,Dhalia,P000237673,Balzan,Garage,Plan,,,17,17,0,34000
True,Dhalia,P000237672,Balzan,Garage,Plan,,,18,18,0,34000
True,Dhalia,P000237660,Gudja,Penthouse,Plan,3,2,192,0,50,583000
True,Dhalia,P000237659,Gudja,Flats,Plan,2,2,133,0,18,270000
True,Dhalia,P000237657,Gudja,Flats,Plan,1,1,104,0,30,235000
True,Dhalia,P000237656,Gudja,Flats,Plan,3,2,123,0,8,265000
True,Dhalia,P000237655,Balzan,Flats,Plan,3,2,82,0,5,220000
True,Dhalia,P000237654,Gudja,Flats,Plan,3,2,126,0,10,265000
True,Dhalia,P000237653,Gudja,Flats,Plan,3,2,123,0,8,242000
True,Dhalia,P000237652,Gudja,Flats,Plan,3,2,126,0,10,245000
True,Dhalia,P000237650,Gudja,Townhouse,Finished,3,3,307,275,130,950000
True,Dhalia,P000237649,Balzan,Flats,Plan,1,2,70,0,8,204000
True,Dhalia,P000237647,Gudja,Flats,Plan,2,2,127,0,21,239500
True,Dhalia,P000237646,Paola,Penthouse,Unclassified,3,2,145,0,23,299250
True,Dhalia,P000237645,Rabat,Penthouse,Shell,3,3,166,0,33,605000
True,Dhalia,P000237643,Rabat,Flats,Shell,3,2,118,0,8,299500
True,Dhalia,P000237642,Zurrieq,Townhouse,Unclassified,3,3,410,240,60,1150000
True,Dhalia,P000237641,Ghaxaq,Penthouse,Unclassified,2,1,120,0,30,295000
True,Dhalia,P000237640,Ghaxaq,Penthouse,Unclassified,2,1,120,0,30,295000
True,Dhalia,P000237639,Rabat,1st Floor Maisonette,Shell,3,3,246,0,36,605000
True,Dhalia,P000237636,Gozo Xlendi,Flats,Shell,3,3,90,0,10,170000
True,Dhalia,P000237634,Gozo Sannat,Penthouse,Plan,3,2,156,0,33,442000
True,Dhalia,P000237633,Gozo Sannat,Flats,Shell,3,2,169,0,19,213000
True,Dhalia,P000237631,Naxxar,Flats,Finished,3,2,95,0,5,313000
True,Dhalia,P000237628,Naxxar,Flats,Finished,3,2,113,0,8,298000
True,Dhalia,P000237626,Msida,Penthouse,Finished,2,2,135,0,66,295000
True,Dhalia,P000237625,Naxxar,Flats,Finished,3,2,113,0,8,276000
True,Dhalia,P000237624,San Gwann,Flats,Finished,3,2,160,0,20,340000
True,Dhalia,P000237620,Qormi,Penthouse,Plan,1,2,80,0,18,201000
True,Dhalia,P000237619,Qormi,Maisonette,Plan,2,2,88,0,22,206500
True,Dhalia,P000237616,Rabat,Townhouse,Furnished,3,2,222,132,42,590000
True,Dhalia,P000237614,Sliema,Townhouse,Furnished,4,4,283,138,30,860000
True,Dhalia,P000237613,Zabbar,Townhouse,Shell,3,2,120,40,15,296500
True,Dhalia,P000237612,Gozo Sannat,Flats,Plan,2,2,101,0,5,154000
True,Dhalia,P000237611,Gozo Sannat,Maisonette,Plan,3,2,132,0,25,186000
True,Dhalia,P000237609,Sliema,Flats,Unclassified,4,2,180,0,10,450000
True,Dhalia,P000237608,Paola,Maisonette,Finished,1,1,63,0,0,150000
True,Dhalia,P000237607,Paola,Flats,Finished,1,1,70,0,10,150000
True,Dhalia,P000237606,Paola,Flats,Finished,1,1,70,0,10,150000
True,Dhalia,P000237605,Paola,Flats,Finished,1,1,70,0,10,150000
True,Dhalia,P000237604,Paola,Flats,Finished,1,1,70,0,10,150000
True,Dhalia,P000237603,Paola,Flats,Finished,1,1,70,0,10,150000
True,Dhalia,P000237602,Paola,Flats,Finished,1,1,67,0,7,150000
True,Dhalia,P000237601,Paola,Flats,Finished,1,1,63,0,0,150000
True,Dhalia,P000237600,Bugibba,Penthouse,Furnished,2,1,95,0,33,265000
True,Dhalia,P000237599,Gozo Il-Qala,Flats,Plan,3,2,191,0,20,275000
True,Dhalia,P000237598,Gozo Il-Qala,Flats,Plan,3,2,191,0,20,270000
True,Dhalia,P000237597,Mellieha,Penthouse,Furnished,3,2,176,0,41,550000
True,Dhalia,P000237595,Zebbug,Farmhouse,Unclassified,3,1,1612,1612,1400,1700000
True,Dhalia,P000237594,Swieqi,Garage,Unclassified,,,250,0,0,245000
True,Dhalia,P000237592,Marsascala,Penthouse,Shell,3,2,135,0,20,405000
True,Dhalia,P000237591,Birzebbuga,Townhouse,Furnished,3,3,230,210,40,425000
True,Dhalia,P000237590,Marsascala,Flats,Shell,3,2,151,0,15,312500
True,Dhalia,P000237589,Marsascala,Flats,Shell,3,2,151,0,15,307000
True,Dhalia,P000237588,Marsascala,Flats,Shell,3,2,151,0,15,302000
True,Dhalia,P000237586,Marsascala,Maisonette,Shell,3,2,160,0,27,315000
True,Dhalia,P000237584,Msida,Guest House - Hotel,Shell,11,11,16,16,3,850000
True,Dhalia,P000237583,Gharghur,Terraced House,Furnished,3,2,320,145,50,955000
True,Dhalia,P000237582,Luqa,Townhouse,Furnished,1,1,120,65,4,230000
True,Dhalia,P000237580,Luqa,Townhouse,Unclassified,2,2,250,225,155,520000
True,Dhalia,P000237579,Marsascala,Penthouse,Plan,4,3,126,0,11,530000
True,Dhalia,P000237573,Marsascala,Flats,Plan,3,2,121,0,11,265000
True,Dhalia,P000237571,Marsascala,Maisonette,Plan,3,2,121,0,11,295000
True,Dhalia,P000237570,Gharghur,Flats,Furnished,3,2,145,0,20,425000
True,Dhalia,P000237567,Gharghur,House of Character,Furnished,6,,621,621,421,1490000
True,Dhalia,P000237566,Gwardamangia,Townhouse,Unconverted,4,4,700,360,185,1100000
True,Dhalia,P000237565,Zebbug,House of Character,Furnished,3,4,1710,1150,870,2295000
True,Dhalia,P000237564,Fgura,Garage,Unclassified,,,190,0,0,125000
True,Dhalia,P000237561,Birkirkara,Garage,Unclassified,,,33,0,0,55000
True,Dhalia,P000237560,Birkirkara,Garage,Unclassified,,,31,0,0,60000
True,Dhalia,P000237556,Gzira,Penthouse,Furnished,2,1,95,0,25,370000
True,Dhalia,P000237555,Gzira,Flats,Finished,3,2,124,0,14,360000
True,Dhalia,P000237554,Naxxar,Maisonette,Furnished,2,1,180,0,20,350000
True,Dhalia,P000237552,Gozo Il-Qala,Penthouse,Plan,2,2,106,0,22,249000
True,Dhalia,P000237551,Sliema,Flats,Unclassified,3,2,230,0,20,1060000
True,Dhalia,P000237550,Gozo Il-Qala,Flats,Shell,2,2,109,0,5,154000
True,Dhalia,P000237542,Birkirkara,Maisonette,Unclassified,1,2,93,0,0,250000
True,Dhalia,P000237540,Birkirkara,Commercial,Unclassified,,,320,320,20,895000
True,Dhalia,P000237539,Gozo Ix-Xewkija,Penthouse,Plan,3,2,168,0,34,215000
True,Dhalia,P000237538,Gozo Ix-Xewkija,Flats,Shell,3,2,147,0,16,158000
True,Dhalia,P000237537,Gozo Ix-Xewkija,Penthouse,Plan,3,2,190,0,94,235000
True,Dhalia,P000237536,Gozo Ix-Xewkija,Flats,Shell,2,2,101,0,4,139000
True,Dhalia,P000237532,Gozo Ir-Rabat,Terraced House,Plan,4,3,624,156,345,575000
True,Dhalia,P000237530,Gozo Ir-Rabat,Terraced House,Plan,6,5,774,193,421,760000
True,Dhalia,P000237506,Mosta,Semi-Detached Villa,Unclassified,3,3,370,250,150,980000
True,Dhalia,P000237505,Fgura,Flats,Plan,3,2,126,0,16,245000
True,Dhalia,P000237504,Fgura,Flats,Plan,3,2,126,0,16,245000
True,Dhalia,P000237503,Fgura,Flats,Plan,3,2,126,0,16,240000
True,Dhalia,P000237502,Mosta,Semi-Detached Villa,Unclassified,3,3,370,250,150,980000
True,Dhalia,P000237501,Fgura,Flats,Plan,3,2,126,0,16,240000
True,Dhalia,P000237500,Fgura,Flats,Plan,3,2,126,0,16,235000
True,Dhalia,P000237498,Cospicua,Townhouse,Furnished,3,2,340,119,60,595000
True,Dhalia,P000237494,Fgura,Flats,Finished,2,1,150,0,10,265000
True,Dhalia,P000237493,Birzebbuga,1st Floor Maisonette,Unclassified,3,1,100,0,5,370000
True,Dhalia,P000237485,Marsascala,Garage,Unclassified,,1,36,0,10,80000
True,Dhalia,P000237476,Cospicua,Block of Flats,Furnished,4,4,325,75,86,990000
True,Dhalia,P000237475,Madliena,Gr Floor Maisonette,Unclassified,3,2,290,0,50,695000
True,Dhalia,P000237474,Cospicua,Townhouse,Furnished,4,4,325,75,86,990000
True,Dhalia,P000237473,Marsascala,Garage,Unclassified,,,51,0,0,117000
True,Dhalia,P000237472,Paola,Terraced House,Unclassified,4,3,250,188,50,475000
True,Dhalia,P000237467,Senglea,Duplex Maisonette,Unclassified,3,2,140,0,2,235000
True,Dhalia,P000237463,Gzira,Flats,Unclassified,2,2,96,0,13,249000
True,Dhalia,P000237461,Gzira,Flats,Unclassified,2,2,96,0,13,245000
True,Dhalia,P000237458,Gzira,Flats,Unclassified,2,2,93,0,13,229000
True,Dhalia,P000237456,Gzira,Flats,Unclassified,2,2,93,0,13,225000
True,Dhalia,P000237454,Gzira,Flats,Unclassified,2,2,93,0,13,219000
True,Dhalia,P000237451,Gzira,Flats,Unclassified,2,2,90,0,5,259000
True,Dhalia,P000237447,Gzira,Flats,Unclassified,2,2,90,0,5,249000
True,Dhalia,P000237442,Gzira,Maisonette,Unclassified,2,2,152,0,47,269000
True,Dhalia,P000237440,Gzira,Maisonette,Unclassified,2,2,110,0,26,249000
True,Dhalia,P000237439,Mellieha,Gr Floor Maisonette,Shell,2,2,112,0,12,285000
True,Dhalia,P000237438,Gudja,Flats,Unclassified,3,,96,0,14,235000
True,Dhalia,P000237437,Qormi,House of Character,Unclassified,2,,100,130,30,265000
True,Dhalia,P000237436,Zebbug,House of Character,Furnished,3,3,140,210,20,980000
True,Dhalia,P000237433,Luqa,Townhouse,Unclassified,4,3,226,70,61,408000
True,Dhalia,P000237431,Birkirkara,Flats,Furnished,2,2,90,0,10,240000
True,Dhalia,P000237430,Mosta,Townhouse,Furnished,2,2,182,132,20,560000
True,Dhalia,P000237428,Rabat,Palazzo,Furnished,5,4,1240,865,640,2400000
True,Dhalia,P000237425,Vittoriosa,Townhouse,Unclassified,2,1,90,55,10,310000
True,Dhalia,P000237423,Mosta,Penthouse,Finished,1,2,135,0,10,595000
True,Dhalia,P000237422,Hamrun,Flats,Shell,4,3,164,0,10,239000
True,Dhalia,P000237421,Hamrun,Flats,Shell,4,3,164,0,10,228000
True,Dhalia,P000237418,Mosta,Flats,Finished,3,2,135,0,10,297000
True,Dhalia,P000237416,Marsascala,Flats,Furnished,3,2,203,0,35,530000
True,Dhalia,P000237414,Mosta,Gr Floor Maisonette,Finished,2,2,135,0,10,360000
True,Dhalia,P000237413,Swieqi,Flats,Finished,3,2,135,0,10,340000
True,Dhalia,P000237412,Birkirkara,House of Character,Furnished,3,2,209,150,73,499000
True,Dhalia,P000237411,Marsascala,Flats,Plan,3,2,180,0,24,355000
True,Dhalia,P000237410,Marsascala,Flats,Plan,3,2,180,0,24,355000
True,Dhalia,P000237407,Ghaxaq,Terraced House,Unclassified,3,2,170,170,30,572000
True,Dhalia,P000237405,Zebbug,Terraced House,Unclassified,3,4,230,90,80,650000
True,Dhalia,P000237402,Pieta,Flats,Unclassified,3,2,140,0,11,290000
True,Dhalia,P000237400,Zebbug,House of Character,Plan,3,1,232,232,70,550000
True,Dhalia,P000237398,Birkirkara,Townhouse,Unclassified,3,1,115,45,5,349000
True,Dhalia,P000237397,Gozo Marsalforn,Flats,Shell,3,2,100,0,5,180000
True,Dhalia,P000237395,Gozo Marsalforn,Flats,Shell,3,2,100,0,5,180000
True,Dhalia,P000237394,Qormi,Penthouse,Plan,3,2,130,0,16,285000
True,Dhalia,P000237393,Qormi,Flats,Plan,3,2,130,0,16,239000
True,Dhalia,P000237392,Qormi,Flats,Plan,3,2,135,0,16,235000
True,Dhalia,P000237391,Qormi,Flats,Plan,3,2,142,0,16,228000
True,Dhalia,P000237390,Zabbar,House of Character,Unclassified,3,2,225,225,150,478000
True,Dhalia,P000237373,Kalkara,Townhouse,Unclassified,,,530,217,60,1600000
True,Dhalia,P000237372,Marsascala,Duplex Apartment,Finished,3,2,136,0,20,405000
True,Dhalia,P000237371,Marsascala,Flats,Finished,2,1,91,0,10,205000
True,Dhalia,P000237370,Marsascala,Flats,Finished,2,1,102,0,10,205000
True,Dhalia,P000237365,St Julians,Duplex Maisonette,Furnished,2,1,111,0,25,297000
True,Dhalia,P000237363,Fgura,Flats,Finished,3,2,149,0,21,244000
True,Dhalia,P000237360,St Julians,Flats,Finished,3,3,153,0,18,700000
True,Dhalia,P000237358,Fgura,Flats,Shell,3,2,127,0,8,230000
True,Dhalia,P000237355,Senglea,Townhouse,Finished,3,3,186,62,8,550000
True,Dhalia,P000237353,Gozo Il-Qala,Maisonette,Shell,1,1,91,0,21,135000
True,Dhalia,P000237352,Siggiewi,House of Character,Furnished,3,,280,260,65,795000
True,Dhalia,P000237351,Gozo Il-Qala,Flats,Shell,2,2,108,0,8,180000
True,Dhalia,P000237350,Qormi,Flats,Furnished,3,1,125,0,10,265000
True,Dhalia,P000237349,Vittoriosa,Guest House - Hotel,Finished,6,8,346,75,36,2338600
True,Dhalia,P000237348,Marsascala,Flats,Plan,3,2,117,0,10,300000
True,Dhalia,P000237347,Marsascala,Flats,Plan,3,2,117,0,10,295000
True,Dhalia,P000237346,Marsascala,Flats,Plan,3,2,117,0,10,290000
True,Dhalia,P000237345,Marsascala,Flats,Plan,3,2,117,0,10,280000
True,Dhalia,P000237343,Marsascala,Flats,Plan,3,2,117,0,10,300000
True,Dhalia,P000237341,Marsascala,Flats,Plan,3,2,117,0,10,290000
True,Dhalia,P000237340,Marsascala,Flats,Plan,3,2,114,0,12,280000
True,Dhalia,P000237338,Gozo Xaghra,Flats,Shell,2,2,112,0,5,187000
True,Dhalia,P000237337,Gozo Xaghra,Flats,Shell,2,2,90,0,6,157000
True,Dhalia,P000237336,San Gwann,Penthouse,Finished,2,1,79,0,29,265000
True,Dhalia,P000237335,Gozo Xaghra,Flats,Shell,1,1,54,0,4,124000
True,Dhalia,P000237334,Lija,Semi-Detached Villa,Finished,3,,350,298,0,1490000
True,Dhalia,P000237333,Hamrun,Townhouse,Unclassified,2,2,92,40,0,297000
True,Dhalia,P000237331,Gozo Ix-Xewkija,Townhouse,Unclassified,3,1,565,282,265,425000
True,Dhalia,P000237330,Birzebbuga,Penthouse,Plan,2,2,119,0,42,412000
True,Dhalia,P000237329,Birzebbuga,Penthouse,Plan,2,2,111,0,23,295000
True,Dhalia,P000237325,Gozo Sannat,Flats,Shell,2,2,115,0,10,280000
True,Dhalia,P000237321,Birzebbuga,Flats,Plan,3,2,107,0,11,265000
True,Dhalia,P000237317,Birzebbuga,Flats,Plan,3,2,107,0,11,255000
True,Dhalia,P000237316,Birzebbuga,Flats,Plan,3,2,115,0,10,245000
True,Dhalia,P000237314,Gozo Ir-Rabat,Flats,Shell,2,2,129,0,19,166000
True,Dhalia,P000237312,Gozo Ir-Rabat,Flats,Shell,3,2,110,0,3,188000
True,Dhalia,P000237311,Gozo Ir-Rabat,Flats,Shell,3,2,115,0,8,213000
True,Dhalia,P000237309,Gozo Ir-Rabat,Flats,Shell,2,2,100,0,19,161000
True,Dhalia,P000237308,Birzebbuga,Flats,Plan,3,2,107,0,11,250000
True,Dhalia,P000237307,Qormi,Flats,Finished,2,2,85,0,10,192000
True,Dhalia,P000237306,Qormi,Flats,Finished,2,2,85,0,10,192000
True,Dhalia,P000237305,Gozo Ir-Rabat,Flats,Shell,2,2,90,0,3,166000
True,Dhalia,P000237304,Birzebbuga,Flats,Plan,3,2,125,0,20,240000
True,Dhalia,P000237302,Birzebbuga,Flats,Plan,2,2,83,0,7,215000
True,Dhalia,P000237299,Cospicua,Townhouse,Finished,2,2,99,33,4,375000
True,Dhalia,P000237298,Gozo Ir-Rabat,Flats,Shell,2,2,107,0,20,164000
True,Dhalia,P000237297,Birzebbuga,Maisonette,Plan,2,2,100,0,20,220000
True,Dhalia,P000237290,Zebbug,Townhouse,Unconverted,4,3,280,160,30,795000
True,Dhalia,P000237281,Qormi,House of Character,Unclassified,3,2,200,120,20,455000
True,Dhalia,P000237280,Qormi,House of Character,Unclassified,4,2,220,220,80,655000
True,Dhalia,P000237275,Gozo Ix-Xewkija,Penthouse,Plan,3,2,142,0,30,388000
True,Dhalia,P000237273,Qormi,Penthouse,Finished,3,2,360,0,199,455000
True,Dhalia,P000237272,Qormi,Flats,Finished,3,2,166,0,18,255000
True,Dhalia,P000237269,Qormi,Flats,Finished,3,2,166,0,18,245000
True,Dhalia,P000237264,Qormi,Flats,Finished,3,2,121,0,11,205000
True,Dhalia,P000237263,Gozo Ix-Xewkija,Flats,Plan,3,3,150,0,22,268000
True,Dhalia,P000237261,Qormi,Maisonette,Plan,3,3,212,0,56,285000
True,Dhalia,P000237260,Gozo Ix-Xewkija,Maisonette,Plan,3,3,200,0,12,210000
True,Dhalia,P000237258,Gozo Ix-Xewkija,Townhouse,Unclassified,10,4,782,782,82,1700000
True,Dhalia,P000237257,Qormi,Garage,Unclassified,,,16,0,0,43000
True,Dhalia,P000237256,St Paul's Bay,Flats,Furnished,2,2,119,0,19,495000
True,Dhalia,P000237255,Qormi,Penthouse,Plan,3,2,163,0,30,350000
True,Dhalia,P000237254,St Paul's Bay,Flats,Furnished,2,2,109,0,12,485000
True,Dhalia,P000237252,Gozo Ix-Xewkija,Penthouse,Plan,2,2,131,0,27,313000
True,Dhalia,P000237251,Qormi,Flats,Plan,3,2,194,0,19,328000
True,Dhalia,P000237250,Zebbug,Townhouse,Finished,3,2,340,180,20,635000
True,Dhalia,P000237249,Gozo Ix-Xewkija,Flats,Plan,3,2,133,0,13,263000
True,Dhalia,P000237248,Qormi,Flats,Plan,3,2,194,0,19,313000
True,Dhalia,P000237247,Gozo Ix-Xewkija,Flats,Plan,2,2,126,0,11,248000
True,Dhalia,P000237246,Attard,Terraced House,Shell,3,3,184,99,38,750000
True,Dhalia,P000237245,Gozo Ix-Xewkija,Flats,Plan,2,2,129,0,13,228000
True,Dhalia,P000237244,Qormi,House of Character,Finished,3,2,196,196,28,445000
True,Dhalia,P000237243,Attard,Terraced House,Shell,3,3,184,99,38,750000
True,Dhalia,P000237242,Hamrun,Townhouse,Finished,3,2,80,55,10,265000
True,Dhalia,P000237241,Sliema,Penthouse,Unclassified,3,2,200,0,100,700000
True,Dhalia,P000237240,Gozo Sannat,Flats,Furnished,2,2,98,0,1,245000
True,Dhalia,P000237239,Sliema,Flats,Furnished,3,2,200,0,15,1000000
True,Dhalia,P000237237,Fgura,Penthouse,Plan,3,2,120,0,10,285000
True,Dhalia,P000237236,Fgura,Penthouse,Plan,3,2,120,0,10,285000
True,Dhalia,P000237233,Fgura,Flats,Plan,3,2,120,0,10,244000
True,Dhalia,P000237231,Fgura,Flats,Plan,3,2,120,0,10,233000
True,Dhalia,P000237229,Fgura,Flats,Plan,3,2,120,0,10,223000
True,Dhalia,P000237227,Fgura,Maisonette,Plan,3,2,120,0,20,260000
True,Dhalia,P000237225,Zejtun,2nd Floor maisonette,Furnished,3,2,150,0,9,402000
True,Dhalia,P000237221,Sliema,Flats,Finished,2,,150,0,33,850000
True,Dhalia,P000237217,Gharghur,Maisonette,Unclassified,2,2,100,0,3,320000
True,Dhalia,P000237216,Marsascala,Penthouse,Unclassified,3,2,190,0,10,430000
True,Dhalia,P000237214,Bahrija,Flats,Finished,3,2,122,0,10,285000
False,Dhalia,P000238799,St Julians,Office,Furnished,,,315,315,0,5142
False,Dhalia,P000238794,Marsascala,Flats,Furnished,3,2,200,0,20,1500
False,Dhalia,P000238783,Gozo Xaghra,Flats,Furnished,2,1,100,0,10,750
False,Dhalia,P000238760,Gozo L-Gharb,Penthouse,Furnished,3,2,90,0,10,900
False,Dhalia,P000238759,Gozo Xaghra,Flats,Furnished,2,2,95,0,5,650
False,Dhalia,P000238758,Sliema,Penthouse,Furnished,2,2,120,0,30,1500
False,Dhalia,P000238753,Gozo Xaghra,Farmhouse,Furnished,3,4,200,100,50,1000
False,Dhalia,P000238749,Naxxar,Office,Furnished,,,200,200,75,2300
False,Dhalia,P000238748,Sliema,Office,Furnished,,,235,235,0,5416
False,Dhalia,P000238740,Gharghur,Penthouse,Furnished,2,2,130,0,30,2500
False,Dhalia,P000238732,St Julians,Flats,Furnished,2,2,150,0,30,2200
False,Dhalia,P000238731,Mosta,Office,Furnished,,3,120,30,20,1150
False,Dhalia,P000238723,Valletta,Flats,Furnished,2,2,110,110,4,2300
False,Dhalia,P000238707,Marsascala,Penthouse,Furnished,2,2,100,0,25,1950
False,Dhalia,P000238681,Sliema,Flats,Furnished,3,4,230,0,30,3700
False,Dhalia,P000238671,Marsascala,Flats,Furnished,3,2,130,0,10,1200
False,Dhalia,P000238667,Sliema,Penthouse,Furnished,1,1,89,0,24,1500
False,Dhalia,P000238662,Mosta,Office,Furnished,,,55,55,0,750
False,Dhalia,P000238656,Fgura,Gr Floor Maisonette,Furnished,4,2,260,0,60,2490
False,Dhalia,P000238649,Gozo Ir-Rabat,Flats,Furnished,2,2,100,0,5,900
False,Dhalia,P000238648,Gozo In-Nadur,Flats,Furnished,3,2,120,0,20,850
False,Dhalia,P000238646,Gozo Iz-Zebbug,Flats,Furnished,2,2,95,0,5,600
False,Dhalia,P000238639,Gozo Marsalforn,House of Character,Furnished,4,3,250,125,10,600
False,Dhalia,P000238637,Mellieha,Flats,Furnished,3,2,142,0,12,1200
False,Dhalia,P000238635,Gozo Iz-Zebbug,Gr Floor Maisonette,Furnished,1,1,90,0,10,575
False,Dhalia,P000238619,St Paul's Bay,Flats,Furnished,1,1,25,0,5,1000
False,Dhalia,P000238572,Sliema,Flats,Furnished,3,2,120,0,10,2000
False,Dhalia,P000238566,Gozo In-Nadur,Flats,Furnished,3,1,120,0,10,800
False,Dhalia,P000238561,Senglea,Flats,Furnished,2,1,80,0,5,1200
False,Dhalia,P000238560,Gozo Xlendi,Flats,Furnished,2,1,90,0,5,600
False,Dhalia,P000238557,Siggiewi,Penthouse,Furnished,1,1,130,0,30,1200
False,Dhalia,P000238548,Sliema,Garage,Furnished,,,15,0,0,250
False,Dhalia,P000238546,Ta'L-ibrag,Flats,Furnished,2,3,140,0,20,1600
False,Dhalia,P000238536,Kalkara,Penthouse,Furnished,2,,103,0,8,1100
False,Dhalia,P000238530,Sliema,Commercial,Furnished,,,350,350,10,5830
False,Dhalia,P000238527,St Julians,Flats,Furnished,2,2,130,0,15,2300
False,Dhalia,P000238525,Swieqi,Flats,Furnished,3,2,140,0,20,1600
False,Dhalia,P000238518,Gozo Marsalforn,Flats,Furnished,3,2,95,0,5,600
False,Dhalia,P000238512,Cospicua,Townhouse,Furnished,3,4,200,180,20,1700
False,Dhalia,P000238505,Gozo Xaghra,Duplex Penthouse,Furnished,3,2,160,0,15,1000
False,Dhalia,P000238504,Hamrun,Garage,Furnished,,,400,0,0,1000
False,Dhalia,P000238499,Burmarrad,Garage,Furnished,,,180,0,0,1200
False,Dhalia,P000238498,Gzira,Flats,Furnished,1,1,70,0,10,700
False,Dhalia,P000238497,Gzira,Flats,Furnished,1,1,70,0,10,700
False,Dhalia,P000238491,St Julians,Penthouse,Furnished,2,2,200,0,100,3000
False,Dhalia,P000238490,Gozo Ix-Xewkija,Flats,Furnished,3,3,140,0,0,800
False,Dhalia,P000238489,Gozo Xaghra,House of Character,Furnished,2,2,150,75,20,1400
False,Dhalia,P000238473,Mosta,Flats,Furnished,2,1,80,0,10,1200
False,Dhalia,P000238469,Senglea,Townhouse,Furnished,1,1,60,55,4,700
False,Dhalia,P000238468,Valletta,Shop,Furnished,,,120,65,0,16729
False,Dhalia,P000238467,Sliema,Penthouse,Furnished,1,1,80,0,20,1100
False,Dhalia,P000238438,Gozo Xaghra,House of Character,Furnished,6,5,260,130,50,2500
False,Dhalia,P000238437,Gozo Marsalforn,Flats,Furnished,3,2,100,0,5,600
False,Dhalia,P000238436,Gozo Il-Qala,Flats,Furnished,3,2,100,0,10,900
False,Dhalia,P000238434,Gozo In-Nadur,Flats,Furnished,3,2,120,0,20,700
False,Dhalia,P000238433,Gozo Ghajnsielem,Flats,Furnished,3,2,100,0,10,750
False,Dhalia,P000238432,Qawra,Penthouse,Furnished,1,1,120,0,20,800
False,Dhalia,P000238416,Gozo Xaghra,Flats,Furnished,3,2,200,0,50,850
False,Dhalia,P000238401,St Julians,Penthouse,Furnished,2,2,130,0,30,2300
False,Dhalia,P000238397,Gozo In-Nadur,Flats,Furnished,3,2,100,0,10,800
False,Dhalia,P000238394,St Paul's Bay,Flats,Furnished,3,1,112,0,10,1100
False,Dhalia,P000238377,Gozo Xaghra,Flats,Furnished,2,1,95,0,5,700
False,Dhalia,P000238373,San Gwann,Flats,Furnished,3,2,120,0,30,1100
False,Dhalia,P000238372,San Gwann,Flats,Furnished,3,2,120,0,30,1100
False,Dhalia,P000238359,Gzira,Flats,Furnished,2,1,73,73,10,800
False,Dhalia,P000238355,Gozo Ghajnsielem,Penthouse,Furnished,2,2,95,0,10,1200
False,Dhalia,P000238352,Gozo L-Gharb,Farmhouse,Furnished,4,4,250,125,30,1800
False,Dhalia,P000238350,San Gwann,Flats,Furnished,2,2,100,0,20,1500
False,Dhalia,P000238349,Gozo Xaghra,Terraced House,Furnished,3,2,250,125,20,900
False,Dhalia,P000238346,Lija,Maisonette,Furnished,2,2,100,0,10,1250
False,Dhalia,P000238344,Balzan,Maisonette,Furnished,3,2,240,0,80,1600
False,Dhalia,P000238343,Mellieha,Flats,Furnished,2,1,110,0,30,850
False,Dhalia,P000238341,Gzira,Penthouse,Furnished,2,1,90,0,10,1300
False,Dhalia,P000238339,Pieta,Flats,Furnished,3,2,136,0,16,1500
False,Dhalia,P000238329,Gozo Xaghra,Gr Floor Maisonette,Furnished,3,2,200,0,100,2500
False,Dhalia,P000238327,Gozo Ir-Rabat,Flats,Furnished,3,2,90,0,10,700
False,Dhalia,P000238324,Marsascala,Penthouse,Furnished,2,2,140,0,10,2000
False,Dhalia,P000238318,Marsascala,Penthouse,Furnished,1,1,100,0,10,1500
False,Dhalia,P000238311,Valletta,Shop,Furnished,,,211,79,0,9125
False,Dhalia,P000238309,Sliema,Flats,Furnished,3,2,230,0,12,2000
False,Dhalia,P000238281,Gozo Marsalforn,Flats,Furnished,3,2,100,0,10,800
False,Dhalia,P000238280,Gozo Marsalforn,Flats,Furnished,3,1,90,0,10,550
False,Dhalia,P000238279,Gozo Marsalforn,Flats,Furnished,1,1,75,0,5,500
False,Dhalia,P000238277,Luqa,Flats,Furnished,2,2,85,0,5,900
False,Dhalia,P000238276,Gozo Il-Qala,Flats,Furnished,3,2,90,0,10,750
False,Dhalia,P000238270,Sliema,Penthouse,Furnished,1,,154,167,85,1500
False,Dhalia,P000238250,Mdina,Townhouse,Furnished,2,2,290,120,120,3900
False,Dhalia,P000238249,Sliema,Flats,Furnished,2,2,95,0,5,1800
False,Dhalia,P000238242,Mellieha,Flats,Furnished,2,2,120,0,30,1400
False,Dhalia,P000238232,Msida,Office,Furnished,,2,465,465,0,6781
False,Dhalia,P000238218,Gozo Xaghra,Flats,Furnished,2,1,85,0,0,575
False,Dhalia,P000238202,Fgura,Garage,Furnished,,,165,0,5,1050
False,Dhalia,P000238148,Gozo Sannat,Gr Floor Maisonette,Furnished,3,2,173,0,46,1100
False,Dhalia,P000238146,Marsascala,Office,Furnished,,1,56,56,10,360
False,Dhalia,P000238136,Gozo In-Nadur,Penthouse,Furnished,3,2,100,0,20,1400
False,Dhalia,P000238134,Gozo In-Nadur,Flats,Furnished,2,2,100,0,10,800
False,Dhalia,P000238132,Gozo Ghajnsielem,Flats,Furnished,2,1,110,0,15,550
False,Dhalia,P000238129,Gozo In-Nadur,Flats,Furnished,2,1,95,0,5,700
False,Dhalia,P000238110,Gozo Ir-Rabat,Flats,Furnished,3,3,100,0,10,1000
False,Dhalia,P000238105,Paola,Shop,Furnished,,,100,100,0,2281
False,Dhalia,P000238102,Sliema,Flats,Furnished,3,2,130,0,10,1700
False,Dhalia,P000238056,Madliena,Flats,Furnished,3,2,155,0,25,2500
False,Dhalia,P000238054,Sliema,Flats,Furnished,3,2,130,0,10,1600
False,Dhalia,P000238053,Gzira,Penthouse,Furnished,3,2,175,175,50,2200
False,Dhalia,P000238033,Gozo In-Nadur,Penthouse,Furnished,1,1,90,0,10,500
False,Dhalia,P000238032,Mosta,Shop,Furnished,,1,78,78,15,650
False,Dhalia,P000238030,Gozo Kercem,Farmhouse,Furnished,3,3,200,100,50,2200
False,Dhalia,P000238027,Gozo L-Ghasri,Farmhouse,Furnished,3,3,200,100,50,2000
False,Dhalia,P000238026,Gozo L-Ghasri,Farmhouse,Furnished,3,3,200,100,50,2000
False,Dhalia,P000238016,Mosta,House of Character,Furnished,5,2,600,600,360,1600
False,Dhalia,P000238015,Gozo L-Ghasri,Farmhouse,Furnished,4,4,200,100,50,2000
False,Dhalia,P000238014,Gozo Il-Qala,Flats,Furnished,2,1,90,0,5,550
False,Dhalia,P000237986,Birkirkara,Flats,Furnished,2,1,115,115,20,1200
False,Dhalia,P000237984,Birkirkara,Flats,Furnished,2,1,115,0,20,1200
False,Dhalia,P000237982,Birkirkara,Flats,Furnished,2,1,115,0,20,1200
False,Dhalia,P000237979,Gozo Xaghra,Farmhouse,Furnished,2,3,160,80,50,1000
False,Dhalia,P000237976,Gozo Marsalforn,Flats,Furnished,2,1,100,0,5,550
False,Dhalia,P000237974,Gozo Ghajnsielem,Maisonette,Furnished,3,2,110,0,5,850
False,Dhalia,P000237973,Gozo Marsalforn,Flats,Furnished,2,2,100,0,10,850
False,Dhalia,P000237967,Pieta,Flats,Furnished,2,1,100,0,10,1300
False,Dhalia,P000237965,Cospicua,Flats,Furnished,2,1,85,0,5,800
False,Dhalia,P000237963,Dingli,Maisonette,Furnished,3,2,285,0,100,1400
False,Dhalia,P000237961,Madliena,Flats,Furnished,2,2,110,0,10,900
False,Dhalia,P000237959,Valletta,Catering Establishm,Furnished,,,38,23,0,2076
False,Dhalia,P000237950,Gozo Ix-Xewkija,Penthouse,Furnished,3,2,100,0,10,750
False,Dhalia,P000237949,Gozo Fontana,Flats,Furnished,3,2,110,0,10,900
False,Dhalia,P000237948,Sliema,Flats,Furnished,1,1,50,0,0,1500
False,Dhalia,P000237946,Sliema,Flats,Furnished,2,2,80,0,10,2000
False,Dhalia,P000237944,Gozo Ghajnsielem,Flats,Furnished,2,2,95,0,5,750
False,Dhalia,P000237942,Sliema,Flats,Furnished,2,2,100,0,10,1300
False,Dhalia,P000237941,Naxxar,Garage,Furnished,,,50,0,0,100
False,Dhalia,P000237940,Gozo Iz-Zebbug,House of Character,Furnished,2,1,180,90,20,1000
False,Dhalia,P000237937,Naxxar,Duplex Penthouse,Furnished,1,1,120,0,30,1250
False,Dhalia,P000237936,Naxxar,Flats,Furnished,2,2,90,0,20,1200
False,Dhalia,P000237935,Naxxar,Flats,Furnished,2,2,90,0,20,1200
False,Dhalia,P000237932,Gozo Marsalforn,Flats,Furnished,3,2,100,0,10,750
False,Dhalia,P000237931,Naxxar,Maisonette,Furnished,1,2,80,0,20,900
False,Dhalia,P000237925,Pieta,Flats,Furnished,2,2,120,0,10,1600
False,Dhalia,P000237923,Kappara,Flats,Furnished,2,2,110,0,10,1350
False,Dhalia,P000237922,Sliema,Flats,Furnished,2,2,120,0,20,2750
False,Dhalia,P000237907,Sliema,Flats,Furnished,2,2,100,0,20,1400
False,Dhalia,P000237890,Gozo Iz-Zebbug,Flats,Furnished,1,1,100,0,10,500
False,Dhalia,P000237888,Gozo Iz-Zebbug,Flats,Furnished,2,1,100,0,10,650
False,Dhalia,P000237878,Gozo Xlendi,Flats,Furnished,2,1,95,0,3,500
False,Dhalia,P000237876,Gozo Ir-Rabat,Penthouse,Furnished,1,1,95,0,10,750
False,Dhalia,P000237875,Marsascala,Commercial,Furnished,,,210,100,10,2129
False,Dhalia,P000237873,Gozo In-Nadur,Flats,Furnished,2,2,100,0,10,600
False,Dhalia,P000237871,Swieqi,Flats,Furnished,1,1,120,0,20,1250
False,Dhalia,P000237868,Gozo Ir-Rabat,Flats,Furnished,1,1,100,0,20,700
False,Dhalia,P000237865,San Gwann,Penthouse,Furnished,1,1,90,0,11,1300
False,Dhalia,P000237864,San Gwann,Penthouse,Furnished,1,1,90,0,11,1300
False,Dhalia,P000237863,San Gwann,Flats,Furnished,1,1,90,0,11,950
False,Dhalia,P000237862,San Gwann,Flats,Furnished,1,1,90,0,11,950
False,Dhalia,P000237861,San Gwann,Flats,Furnished,1,1,90,0,11,950
False,Dhalia,P000237860,San Gwann,Flats,Furnished,1,1,90,0,11,950
False,Dhalia,P000237859,Blata il-Bajda,Office,Furnished,,4,233,375,1,2000
False,Dhalia,P000237858,San Gwann,Flats,Furnished,2,1,90,0,11,1300
False,Dhalia,P000237857,San Gwann,Flats,Furnished,2,1,90,0,11,1300
False,Dhalia,P000237856,San Gwann,Flats,Furnished,2,1,90,0,11,1300
False,Dhalia,P000237855,San Gwann,Flats,Furnished,2,1,90,0,11,1300
False,Dhalia,P000237853,San Gwann,Flats,Furnished,2,1,90,0,11,1300
False,Dhalia,P000237830,Cospicua,Shop,Furnished,,1,120,60,0,1065
False,Dhalia,P000237826,Gozo In-Nadur,Flats,Furnished,3,1,95,0,10,800
False,Dhalia,P000237792,Qawra,Flats,Furnished,3,1,130,0,50,1500
False,Dhalia,P000237774,L-Iklin,Shop,Furnished,,1,21,21,0,500
False,Dhalia,P000237731,Valletta,Commercial,Furnished,,,80,80,0,2738
False,Dhalia,P000237730,Sliema,Office,Furnished,,1,140,155,20,2800
False,Dhalia,P000237725,Dingli,Terraced House,Furnished,3,2,150,150,30,1600
False,Dhalia,P000237716,Sliema,Flats,Furnished,3,2,100,0,10,1800
False,Dhalia,P000237705,Marsascala,Commercial,Furnished,,,57,57,10,913
False,Dhalia,P000237698,Swieqi,Garage,Furnished,,,35,0,0,135
False,Dhalia,P000237695,Mellieha,Flats,Furnished,1,2,120,0,20,1400
False,Dhalia,P000237694,Mellieha,Flats,Furnished,1,2,120,0,20,1400
False,Dhalia,P000237693,Mellieha,Flats,Furnished,1,2,120,0,20,1400
False,Dhalia,P000237691,Fgura,Shop,Furnished,,,20,20,0,456
False,Dhalia,P000237685,Safi,Penthouse,Furnished,3,2,120,0,10,1300
False,Dhalia,P000237635,Gozo Marsalforn,Flats,Furnished,2,2,95,0,5,650
False,Dhalia,P000237632,San Gwann,Flats,Furnished,2,2,90,0,10,1200
False,Dhalia,P000237623,Dingli,Maisonette,Furnished,3,3,227,0,17,1200
False,Dhalia,P000237596,Gozo Ir-Rabat,Flats,Furnished,3,2,95,0,5,800
False,Dhalia,P000237587,Gozo Iz-Zebbug,Penthouse,Furnished,2,1,95,0,10,1000
False,Dhalia,P000237585,Gozo Il-Qala,Flats,Furnished,3,2,105,0,15,1000
False,Dhalia,P000237557,Gzira,Flats,Furnished,1,1,65,0,5,1150
False,Dhalia,P000237548,Senglea,Townhouse,Furnished,2,2,165,35,8,1400
False,Dhalia,P000237546,Mqabba,Flats,Furnished,3,2,120,0,10,1000
False,Dhalia,P000237544,Birkirkara,Commercial,Furnished,,,320,320,20,3042
False,Dhalia,P000237534,Gozo Marsalforn,Flats,Furnished,3,2,100,0,10,1000
False,Dhalia,P000237528,Sliema,Flats,Furnished,2,2,95,0,5,1800
False,Dhalia,P000237526,Gozo In-Nadur,Flats,Furnished,2,1,120,0,20,750
False,Dhalia,P000237525,Ta'L-ibrag,Gr Floor Maisonette,Furnished,1,1,55,0,0,1150
False,Dhalia,P000237514,Gozo Il-Qala,Flats,Furnished,3,2,105,0,5,700
False,Dhalia,P000237511,St Julians,Flats,Furnished,3,2,160,0,30,1800
False,Dhalia,P000237510,Kirkop,Penthouse,Furnished,2,2,90,0,10,1000
False,Dhalia,P000237509,Gozo San Lawrenz,Maisonette,Furnished,3,1,95,0,5,550
False,Dhalia,P000237499,Gozo In-Nadur,Farmhouse,Furnished,4,5,300,150,50,1600
False,Dhalia,P000237491,St Julians,Flats,Furnished,2,2,120,0,25,1650
False,Dhalia,P000237470,Gozo Marsalforn,Flats,Furnished,3,2,120,0,5,800
False,Dhalia,P000237469,Gozo Ghajnsielem,Flats,Furnished,2,2,110,0,10,800
False,Dhalia,P000237427,San Gwann,Flats,Furnished,2,1,75,0,10,1050
False,Dhalia,P000237415,Marsascala,Flats,Furnished,3,2,140,0,10,800
False,Dhalia,P000237408,Gozo Ir-Rabat,Flats,Furnished,3,2,90,0,5,P.O.R
False,Dhalia,P000237389,Msida,Flats,Furnished,3,2,120,0,10,1400
False,Dhalia,P000237388,Ta'Xbiex,Flats,Furnished,2,1,60,0,5,1150
False,Dhalia,P000237387,Ta'Xbiex,Flats,Furnished,2,1,60,0,5,1150
False,Dhalia,P000237386,Ta'Xbiex,Flats,Furnished,2,1,90,0,10,1300
False,Dhalia,P000237385,Ta'Xbiex,Flats,Furnished,2,1,90,0,10,1250
False,Dhalia,P000237384,Ta'Xbiex,Flats,Furnished,2,1,90,0,10,1250
False,Dhalia,P000237383,Ta'Xbiex,Flats,Furnished,2,1,90,0,10,1400
False,Dhalia,P000237382,Ta'Xbiex,Flats,Furnished,2,1,90,0,10,1150
False,Dhalia,P000237381,Ta'Xbiex,Flats,Furnished,2,1,90,0,10,1000
False,Dhalia,P000237380,Ta'Xbiex,Flats,Furnished,2,1,90,0,10,1000
False,Dhalia,P000237379,Ta'Xbiex,Flats,Furnished,2,1,90,0,10,1000
False,Dhalia,P000237378,Marsascala,Shop,Furnished,,,235,235,0,4563
False,Dhalia,P000237377,Ta'Xbiex,Flats,Furnished,1,1,90,0,10,1400
False,Dhalia,P000237375,Ta'Xbiex,Flats,Furnished,2,1,90,0,10,1150
False,Dhalia,P000237374,Sliema,Flats,Furnished,3,2,180,0,20,1800
False,Dhalia,P000237369,Attard,Terraced House,Furnished,3,3,206,206,21,1900
False,Dhalia,P000237357,Mosta,Flats,Furnished,3,2,145,0,60,1300
False,Dhalia,P000237356,Mosta,Flats,Furnished,3,2,145,0,60,1300
False,Dhalia,P000237295,Gozo In-Nadur,House of Character,Furnished,2,2,130,65,20,900
False,Dhalia,P000237294,Gozo Marsalforn,Flats,Furnished,2,1,95,0,3,520
False,Dhalia,P000237293,Gozo L-Gharb,Flats,Furnished,3,2,100,0,10,850
False,Dhalia,P000237292,Gozo L-Ghasri,Duplex Apartment,Furnished,1,1,100,0,10,800
False,Dhalia,P000237291,Gozo Ghajnsielem,Flats,Furnished,3,2,90,0,5,850
False,Dhalia,P000237285,Rabat,Gr Floor Maisonette,Furnished,3,1,300,0,20,1500
False,Dhalia,P000237284,Sliema,Flats,Furnished,2,2,90,0,10,2800
False,Dhalia,P000237282,Sliema,Flats,Furnished,3,2,182,0,39,3800
False,Dhalia,P000237238,Wardija,Farmhouse,Furnished,4,5,2790,2790,2760,6500
False,Dhalia,P000237226,St Paul's Bay,Flats,Furnished,2,2,90,0,5,900
False,Dhalia,P000237219,Gozo Ir-Rabat,House of Character,Furnished,3,2,190,190,20,900
False,Dhalia,P000237218,Gozo Marsalforn,Penthouse,Furnished,1,1,100,0,30,500
False,Dhalia,P000237209,Gozo In-Nadur,Maisonette,Furnished,3,2,120,0,20,1250
False,Dhalia,P000237208,Gozo In-Nadur,Flats,Furnished,3,2,95,0,5,650
False,Dhalia,P000237197,Bidnija,Maisonette,Furnished,2,1,250,0,90,1600
False,Dhalia,P000237188,Gozo Ir-Rabat,Flats,Furnished,2,1,105,0,5,750
False,Dhalia,P000237187,Gozo Marsalforn,Maisonette,Furnished,1,1,100,0,10,500
False,Dhalia,P000237184,Birkirkara,Penthouse,Furnished,2,1,90,90,10,1200
False,Dhalia,P000237154,Valletta,Shop,Furnished,,,340,340,0,28333
False,Dhalia,P000237149,Sliema,Flats,Furnished,1,1,55,0,5,1000
False,Dhalia,P000237133,Sliema,Flats,Furnished,2,1,100,0,20,1100
False,Dhalia,P000237131,St Julians,Flats,Furnished,3,2,150,0,10,1800
False,Dhalia,P000237117,St Julians,Flats,Furnished,2,2,130,0,20,1800
False,Dhalia,P000237105,Mosta,Warehouse,Furnished,,,1500,1500,0,4000
False,Dhalia,P000237101,Attard,Flats,Furnished,2,1,120,0,25,1800
False,Dhalia,P000237088,Kappara,Flats,Furnished,2,2,100,0,20,1500
False,Dhalia,P000237086,Ta'L-ibrag,Semi-Detached Villa,Furnished,3,3,280,380,50,2300
False,Dhalia,P000237049,Pembroke,Semi-Detached Villa,Furnished,5,3,200,200,50,2000
False,Dhalia,P000237045,Gozo Marsalforn,Flats,Furnished,2,1,115,0,5,700
False,Dhalia,P000237043,Gozo Iz-Zebbug,Farmhouse,Furnished,3,3,300,150,50,900
False,Dhalia,P000237041,Gozo Kercem,Farmhouse,Furnished,3,3,260,130,60,1500
False,Dhalia,P000237037,Gozo Il-Munxar,1st Floor Maisonette,Furnished,3,2,95,0,5,875
False,Dhalia,P000237036,Paola,Shop,Furnished,,2,90,90,0,913
False,Dhalia,P000237034,St Julians,Flats,Furnished,1,1,80,0,15,1100
False,Dhalia,P000237033,St Julians,Flats,Furnished,1,1,80,0,15,1100
False,Dhalia,P000237004,San Gwann,Flats,Furnished,3,2,120,0,30,1200
False,Dhalia,P000237003,San Gwann,Flats,Furnished,3,2,120,0,30,1200
False,Dhalia,P000236991,Zebbug,Penthouse,Furnished,2,2,80,0,10,1300
False,Dhalia,P000236988,Birkirkara,Commercial,Furnished,,,200,0,64,2083
False,Dhalia,P000236986,Marsascala,Maisonette,Furnished,2,2,130,0,25,950
False,Dhalia,P000236982,Mosta,Block of Flats,Furnished,3,3,1120,140,160,9600
False,Dhalia,P000236979,Gozo Xlendi,Flats,Furnished,2,2,95,0,5,1000
False,Dhalia,P000236978,Gozo Xaghra,Flats,Furnished,3,2,100,0,10,650
False,Dhalia,P000236976,Gozo In-Nadur,Flats,Furnished,3,3,100,0,5,850
False,Dhalia,P000236975,Gozo Xaghra,Farmhouse,Furnished,3,4,240,120,40,1500
False,Dhalia,P000236970,Gzira,Flats,Furnished,1,1,70,0,10,1100
False,Dhalia,P000236941,Kirkop,Shop,Furnished,,,55,55,0,243
False,Dhalia,P000236937,Gozo Sannat,Flats,Furnished,3,2,90,0,5,700
False,Dhalia,P000236936,Gozo Sannat,Flats,Furnished,3,2,90,0,5,700
False,Dhalia,P000236933,Gozo Xaghra,Flats,Furnished,2,2,100,0,20,1000
False,Dhalia,P000236930,St Julians,Penthouse,Furnished,2,3,270,0,150,2650
False,Dhalia,P000236929,Gozo Xaghra,Flats,Furnished,3,2,120,0,20,850
False,Dhalia,P000236928,St Julians,Flats,Furnished,2,1,120,0,20,1600
False,Dhalia,P000236927,Gozo Marsalforn,Flats,Furnished,3,2,100,0,5,650
False,Dhalia,P000236926,Gozo Xlendi,Penthouse,Furnished,2,1,95,0,10,600
False,Dhalia,P000236925,Gozo Ghajnsielem,Flats,Furnished,2,2,100,0,10,800
False,Dhalia,P000236924,Gozo Ghajnsielem,Penthouse,Furnished,1,2,100,0,10,900
False,Dhalia,P000236859,Marsascala,Flats,Furnished,2,2,83,0,3,950
False,Dhalia,P000236818,Vittoriosa,Shop,Furnished,,,60,60,0,1700
False,Dhalia,P000236817,Birkirkara,Office,Furnished,,,640,640,120,3583
False,Dhalia,P000236815,Cospicua,Townhouse,Furnished,3,2,300,150,0,1500
False,Dhalia,P000236798,Zebbug,Flats,Furnished,2,2,120,0,25,1000
False,Dhalia,P000236784,Kappara,Flats,Furnished,3,2,135,0,15,1300
False,Dhalia,P000236782,Pieta,Flats,Furnished,2,2,100,0,4,1200
False,Dhalia,P000236772,Gozo Iz-Zebbug,Farmhouse,Furnished,3,3,500,250,50,2500
False,Dhalia,P000236768,Gozo Xlendi,Maisonette,Furnished,2,1,100,0,15,600
False,Dhalia,P000236766,Gozo In-Nadur,Flats,Furnished,3,1,110,0,5,650
False,Dhalia,P000236760,Sliema,Flats,Furnished,2,2,94,0,13,2300
False,Dhalia,P000236755,Marsascala,Flats,Furnished,2,2,85,0,10,750
False,Dhalia,P000236731,Gozo Marsalforn,Flats,Furnished,2,2,105,0,7,650
False,Dhalia,P000236730,Gozo Sannat,Penthouse,Furnished,3,1,120,0,10,800
False,Dhalia,P000236711,Marsascala,Flats,Furnished,3,2,140,0,10,1100
False,Dhalia,P000236707,Qawra,Flats,Furnished,2,1,100,0,10,1050
False,Dhalia,P000236705,Gozo Iz-Zebbug,Maisonette,Furnished,1,2,65,0,5,800
False,Dhalia,P000236687,Sliema,Penthouse,Furnished,2,3,286,0,131,4200
False,Dhalia,P000236662,Gozo Xaghra,Penthouse,Furnished,2,2,105,0,15,900
False,Dhalia,P000236647,Rabat,Shop,Furnished,,,120,120,0,1065
False,Dhalia,P000236645,Valletta,Duplex Penthouse,Furnished,2,3,180,0,55,4000
False,Dhalia,P000236644,St Julians,Duplex Penthouse,Furnished,2,2,190,0,40,1600
False,Dhalia,P000236642,Gozo Marsalforn,Penthouse,Furnished,1,1,90,0,15,600
False,Dhalia,P000236640,Gozo Ghajnsielem,Flats,Furnished,2,1,120,0,20,900
False,Dhalia,P000236635,Gozo In-Nadur,Maisonette,Furnished,3,2,110,0,10,700
False,Dhalia,P000236626,Gzira,Flats,Furnished,1,1,65,0,5,1050
False,Dhalia,P000236620,San Gwann,Penthouse,Furnished,1,2,100,0,20,1200
False,Dhalia,P000236617,Mgarr,House of Character,Furnished,3,1,190,190,30,1200
False,Dhalia,P000236616,San Gwann,Flats,Furnished,2,2,100,0,20,1200
False,Dhalia,P000236611,Lija,Maisonette,Furnished,3,1,170,0,20,1100
False,Dhalia,P000236610,Manikata,Penthouse,Furnished,2,2,235,0,30,3000
False,Dhalia,P000236605,Gozo Iz-Zebbug,Flats,Furnished,3,3,110,0,10,1600
False,Dhalia,P000236604,Gozo L-Gharb,House of Character,Furnished,3,3,140,1,30,1000
False,Dhalia,P000236603,Siggiewi,House of Character,Furnished,2,1,120,0,25,1300
False,Dhalia,P000236583,Bahar ic-Caghaq,Flats,Furnished,2,2,100,0,20,1250
False,Dhalia,P000236580,Gozo Xlendi,Flats,Furnished,2,1,95,0,5,550
False,Dhalia,P000236558,Sliema,Flats,Furnished,2,2,136,0,10,2000
False,Dhalia,P000236495,Attard,Penthouse,Furnished,2,1,130,0,35,1350
False,Dhalia,P000236464,Gozo Sannat,Farmhouse,Furnished,4,3,250,125,50,1200
False,Dhalia,P000236463,Swieqi,Flats,Furnished,1,1,74,0,14,1200
False,Dhalia,P000236460,Sliema,Office,Furnished,,1,176,176,0,7553
False,Dhalia,P000236459,St Julians,Townhouse,Furnished,4,3,260,160,60,2500
False,Dhalia,P000236452,Pembroke,Flats,Furnished,3,2,190,0,10,2000
False,Dhalia,P000236450,Vittoriosa,Office,Furnished,,,330,0,60,8000
False,Dhalia,P000236449,Zebbug,Flats,Furnished,3,2,140,0,30,1300
False,Dhalia,P000236431,Attard,Gr Floor Maisonette,Furnished,3,2,170,0,30,1600
False,Dhalia,P000236425,Marsascala,Flats,Furnished,2,2,130,0,25,1300
False,Dhalia,P000236407,Gozo Marsalforn,Flats,Furnished,3,2,110,0,10,1300
