Is_Sale,Source,Reference,Town,Type,Latitude,Longitude,Rooms,Bedrooms,Bathrooms,TotalSqm,IntArea,ExtArea,Price
True,Dhalia,P000238430,Gwardamangia,Flats,,,,2,,,,,179000
True,Dhalia,P000238429,Gozo Fontana,Flats,,,,2,,,,,185000
True,Dhalia,P000238428,Gozo Xaghra,Flats,,,,3,,,,,275000
True,Dhalia,P000238427,Mellieha,Terraced House,,,,5,,,,,635000
True,Dhalia,P000238421,Gozo Fontana,House of Character,,,,3,,,,,410000
True,Dhalia,P000238420,Sliema,Flats,,,,3,,,,,350000
True,Dhalia,P000238419,San Gwann,Flats,,,,2,,,,,220000
True,Dhalia,P000238418,Hamrun,Flats,,,,3,,,,,190000
True,Dhalia,P000238417,Hamrun,Gr Floor Maisonette,,,,3,,,,,350000
True,Dhalia,P000238413,L-Iklin,Penthouse,,,,3,,,,,425000
True,Dhalia,P000238412,L-Iklin,Flats,,,,3,,,,,370000
True,Dhalia,P000238411,L-Iklin,Flats,,,,3,,,,,370000
True,Dhalia,P000238410,L-Iklin,Flats,,,,3,,,,,370000
True,Dhalia,P000238409,L-Iklin,Flats,,,,4,,,,,370000
True,Dhalia,P000238408,Naxxar,Penthouse,,,,2,,,,,583000
True,Dhalia,P000238407,Naxxar,Flats,,,,3,,,,,397000
True,Dhalia,P000238406,Naxxar,Flats,,,,3,,,,,386000
True,Dhalia,P000238405,Naxxar,Flats,,,,2,,,,,355000
True,Dhalia,P000238404,Naxxar,Maisonette,,,,2,,,,,370000
True,Dhalia,P000238403,Sliema,Flats,,,,3,,,,,430000
True,Dhalia,P000238402,Marsascala,Flats,,,,3,,,,,280000
True,Dhalia,P000238400,Mellieha,Penthouse,,,,,,,,,595000
True,Dhalia,P000238399,St Julians,Duplex Penthouse,,,,4,,,,,900000
True,Dhalia,P000238398,Zebbug,Townhouse,,,,3,,,,,2118000
True,Dhalia,P000238396,Tarxien,House of Character,,,,3,,,,,165000
True,Dhalia,P000238395,Zebbug,Townhouse,,,,4,,,,,1350000
True,Dhalia,P000238392,Gozo Marsalforn,Flats,,,,2,,,,,175000
True,Dhalia,P000238387,Zebbug,Townhouse,,,,4,,,,,1350000
True,Dhalia,P000238386,Marsaxlokk,Palazzo,,,,4,,,,,1650000
True,Dhalia,P000238384,Madliena,Penthouse,,,,3,,,,,1500000
True,Dhalia,P000238383,Gudja,House of Character,,,,3,,,,,850000
True,Dhalia,P000238380,L-Iklin,Semi-Det Bungalow,,,,3,,,,,1650000
True,Dhalia,P000238379,Rabat,Duplex Maisonette,,,,3,,,,,338000
True,Dhalia,P000238378,Gozo In-Nadur,Flats,,,,3,,,,,255000
True,Dhalia,P000238376,Gzira,Penthouse,,,,2,,,,,950000
True,Dhalia,P000238375,Gzira,Flats,,,,2,,,,,900000
True,Dhalia,P000238374,Gzira,Flats,,,,2,,,,,900000
True,Dhalia,P000238371,Gozo Il-Qala,Flats,,,,3,,,,,200000
True,Dhalia,P000238370,Gozo Il-Qala,Flats,,,,3,,,,,195000
True,Dhalia,P000238368,Gozo In-Nadur,Flats,,,,3,,,,,210000
True,Dhalia,P000238367,Zabbar,Penthouse,,,,1,,,,,250000
True,Dhalia,P000238366,Zabbar,Penthouse,,,,2,,,,,280000
True,Dhalia,P000238365,Zabbar,Flats,,,,2,,,,,210000
True,Dhalia,P000238364,Zabbar,Flats,,,,3,,,,,225000
True,Dhalia,P000238363,Zabbar,Flats,,,,2,,,,,210000
True,Dhalia,P000238362,Zabbar,Flats,,,,3,,,,,225000
True,Dhalia,P000238361,Zabbar,Flats,,,,2,,,,,230000
True,Dhalia,P000238360,Zabbar,Flats,,,,3,,,,,250000
True,Dhalia,P000238358,Xghajra,Flats,,,,2,,,,,217000
True,Dhalia,P000238357,Sliema,Flats,,,,3,,,,,850000
True,Dhalia,P000238354,Pieta,Maisonette,,,,3,,,,,250000
True,Dhalia,P000238353,Pieta,Maisonette,,,,3,,,,,275000
True,Dhalia,P000238348,Mellieha,Flats,,,,3,,,,,425000
True,Dhalia,P000238342,Marsascala,Garage,,,,,,,,,212000
True,Dhalia,P000238337,St Julians,House of Character,,,,3,,,,,745000
True,Dhalia,P000238336,Luqa,Commercial,,,,,,,,,195000
True,Dhalia,P000238335,Birkirkara,1st Floor Maisonette,,,,3,,,,,350000
True,Dhalia,P000238334,Zurrieq,Flats,,,,2,,,,,215000
True,Dhalia,P000238333,Pieta,Penthouse,,,,1,,,,,275000
True,Dhalia,P000238331,Zurrieq,Flats,,,,2,,,,,215000
True,Dhalia,P000238330,St Julians,Flats,,,,3,,,,,850000
True,Dhalia,P000238325,Sliema,Flats,,,,2,,,,,320000
True,Dhalia,P000238323,Birkirkara,1st Floor Maisonette,,,,3,,,,,225000
True,Dhalia,P000238322,Msida,Flats,,,,2,,,,,159000
True,Dhalia,P000238321,Msida,Flats,,,,2,,,,,172000
True,Dhalia,P000238319,Msida,Flats,,,,2,,,,,157000
True,Dhalia,P000238317,Fgura,Gr Floor Maisonette,,,,2,,,,,245000
True,Dhalia,P000238316,Msida,Penthouse,,,,2,,,,,299000
True,Dhalia,P000238315,Birkirkara,Flats,,,,2,,,,,297000
True,Dhalia,P000238313,St Paul's Bay,Flats,,,,2,,,,,460000
True,Dhalia,P000238310,Bahar ic-Caghaq,Terraced House,,,,4,,,,,1200000
True,Dhalia,P000238308,Mosta,Duplex Penthouse,,,,3,,,,,750000
True,Dhalia,P000238307,Mosta,Flats,,,,3,,,,,387000
True,Dhalia,P000238306,Rabat,House of Character,,,,3,,,,,459000
True,Dhalia,P000238305,Mosta,Flats,,,,3,,,,,365000
True,Dhalia,P000238303,Mosta,Flats,,,,3,,,,,365000
True,Dhalia,P000238302,Mosta,Maisonette,,,,3,,,,,270000
True,Dhalia,P000238300,Birkirkara,1st Floor Maisonette,,,,2,,,,,260000
True,Dhalia,P000238299,Gozo Kercem,Terraced House,,,,6,,,,,850000
True,Dhalia,P000238298,Fgura,2nd Floor maisonette,,,,3,,,,,344000
True,Dhalia,P000238296,Marsascala,Flats,,,,3,,,,,240000
True,Dhalia,P000238295,Ta'Xbiex,Flats,,,,2,,,,,245000
True,Dhalia,P000238294,Ta'Xbiex,Flats,,,,1,,,,,198000
True,Dhalia,P000238293,Ta'Xbiex,Flats,,,,1,,,,,198000
True,Dhalia,P000238292,Ta'L-ibrag,Flats,,,,3,,,,,440000
True,Dhalia,P000238278,Gozo Kercem,Penthouse,,,,3,,,,,265000
True,Dhalia,P000238269,Msida,Penthouse,,,,1,,,,,185000
True,Dhalia,P000238268,Msida,Flats,,,,2,,,,,220000
True,Dhalia,P000238267,Gozo Il-Qala,Plot,,,,5,,,,,300000
True,Dhalia,P000238266,Santa Venera,Flats,,,,2,,,,,160000
True,Dhalia,P000238265,Ta'L-ibrag,Maisonette,,,,3,,,,,370000
True,Dhalia,P000238264,Gozo Marsalforn,Flats,,,,3,,,,,220000
True,Dhalia,P000238263,Pieta,Flats,,,,3,,,,,220000
True,Dhalia,P000238261,Santa Venera,1st Floor Maisonette,,,,3,,,,,312000
True,Dhalia,P000238260,Gozo Sannat,Flats,,,,3,,,,,320000
True,Dhalia,P000238259,Marsaxlokk,Plot,,,,,,,,,959000
True,Dhalia,P000238258,Birkirkara,Maisonette,,,,3,,,,,415000
True,Dhalia,P000238257,St Paul's Bay,Garage,,,,,,,,,200000
True,Dhalia,P000238256,Ta'Xbiex,Flats,,,,2,,,,,250000
True,Dhalia,P000238251,Swieqi,Penthouse,,,,1,,,,,499000
True,Dhalia,P000238248,Attard,Flats,,,,2,,,,,350000
True,Dhalia,P000238247,Attard,Flats,,,,3,,,,,295000
True,Dhalia,P000238246,Attard,Flats,,,,3,,,,,290000
True,Dhalia,P000238243,St Julians,Flats,,,,2,,,,,310000
True,Dhalia,P000238241,St Julians,Flats,,,,2,,,,,310000
True,Dhalia,P000238239,Bugibba,Flats,,,,1,,,,,175000
True,Dhalia,P000238238,Fgura,Flats,,,,2,,,,,205000
True,Dhalia,P000238237,Sliema,Garage,,,,,,,,,38000
True,Dhalia,P000238236,Santa Venera,Flats,,,,2,,,,,245000
True,Dhalia,P000238234,Gzira,Flats,,,,3,,,,,305000
True,Dhalia,P000238233,Valletta,Townhouse,,,,4,,,,,1500000
True,Dhalia,P000238231,Balzan,Flats,,,,3,,,,,335000
True,Dhalia,P000238229,Mqabba,Farmhouse,,,,5,,,,,1100000
True,Dhalia,P000238228,Santa Venera,Flats,,,,2,,,,,244000
True,Dhalia,P000238227,Gozo Ghajnsielem,Flats,,,,2,,,,,160000
True,Dhalia,P000238226,Qormi,Gr Floor Maisonette,,,,3,,,,,295000
True,Dhalia,P000238224,Gudja,Flats,,,,2,,,,,234000
True,Dhalia,P000238222,Mosta,Flats,,,,3,,,,,270000
True,Dhalia,P000238219,Qormi,Flats,,,,4,,,,,275000
True,Dhalia,P000238217,Qormi,Flats,,,,4,,,,,265000
True,Dhalia,P000238216,Qormi,Flats,,,,4,,,,,255000
True,Dhalia,P000238215,Ta'L-ibrag,Semi-Detached Villa,,,,4,,,,,1890000
True,Dhalia,P000238214,Birkirkara,Duplex Penthouse,,,,3,,,,,255000
True,Dhalia,P000238213,Floriana,Block of Flats,,,,6,,,,,750000
True,Dhalia,P000238212,Sliema,1st Flr Mais (2flrs),,,,2,,,,,585000
True,Dhalia,P000238211,Burmarrad,Garage,,,,,,,,,48000
True,Dhalia,P000238210,Qrendi,Penthouse,,,,2,,,,,360000
True,Dhalia,P000238209,Qrendi,Flats,,,,3,,,,,300000
True,Dhalia,P000238206,Ghaxaq,Flats,,,,1,,,,,175000
True,Dhalia,P000238204,Xemxija,Flats,,,,2,,,,,225000
True,Dhalia,P000238203,Zabbar,2nd Floor maisonette,,,,3,,,,,249000
True,Dhalia,P000238200,Burmarrad,Penthouse,,,,3,,,,,950000
True,Dhalia,P000238199,Burmarrad,Flats,,,,3,,,,,660000
True,Dhalia,P000238198,Burmarrad,Flats,,,,3,,,,,530000
True,Dhalia,P000238197,Burmarrad,Flats,,,,3,,,,,392000
True,Dhalia,P000238196,Burmarrad,Flats,,,,3,,,,,403000
True,Dhalia,P000238195,Burmarrad,Flats,,,,3,,,,,382000
True,Dhalia,P000238194,Burmarrad,Flats,,,,3,,,,,382000
True,Dhalia,P000238193,Burmarrad,Flats,,,,3,,,,,371000
True,Dhalia,P000238192,Qrendi,Duplex Apartment,,,,3,,,,,370000
True,Dhalia,P000238191,Burmarrad,Flats,,,,3,,,,,382000
True,Dhalia,P000238190,Msida,Penthouse,,,,1,,,,,205000
True,Dhalia,P000238189,Burmarrad,Maisonette,,,,3,,,,,371000
True,Dhalia,P000238188,Burmarrad,Maisonette,,,,3,,,,,360000
True,Dhalia,P000238187,Naxxar,Gr Floor Maisonette,,,,3,,,,,290000
True,Dhalia,P000238182,Fgura,Flats,,,,3,,,,,370000
True,Dhalia,P000238177,St Julians,Townhouse,,,,3,,,,,1150000
True,Dhalia,P000238176,St Paul's Bay,Flats,,,,2,,,,,235000
True,Dhalia,P000238175,Gozo In-Nadur,Duplex Maisonette,,,,1,,,,,405000
True,Dhalia,P000238174,Tarxien,Penthouse,,,,1,,,,,222000
True,Dhalia,P000238171,Tarxien,Flats,,,,2,,,,,185000
True,Dhalia,P000238170,Attard,Flats,,,,3,,,,,275000
True,Dhalia,P000238169,Gzira,Flats,,,,3,,,,,350000
True,Dhalia,P000238168,Fgura,Penthouse,,,,2,,,,,210000
True,Dhalia,P000238167,Fgura,Penthouse,,,,3,,,,,255000
True,Dhalia,P000238161,Fgura,Flats,,,,3,,,,,200000
True,Dhalia,P000238160,Fgura,Gr Floor Maisonette,,,,3,,,,,213000
True,Dhalia,P000238157,St Paul's Bay,Maisonette,,,,2,,,,,355000
True,Dhalia,P000238156,St Paul's Bay,Maisonette,,,,2,,,,,345000
True,Dhalia,P000238155,St Paul's Bay,Maisonette,,,,2,,,,,335000
True,Dhalia,P000238154,St Paul's Bay,Maisonette,,,,2,,,,,325000
True,Dhalia,P000238153,Ghaxaq,Townhouse,,,,3,,,,,1050000
True,Dhalia,P000238152,St Paul's Bay,Maisonette,,,,2,,,,,325000
True,Dhalia,P000238150,Ghaxaq,Townhouse,,,,2,,,,,550000
True,Dhalia,P000238149,St Paul's Bay,Maisonette,,,,1,,,,,255000
True,Dhalia,P000238147,Gozo Sannat,Gr Floor Maisonette,,,,3,,,,,318000
True,Dhalia,P000238145,Senglea,House of Character,,,,3,,,,,520000
True,Dhalia,P000238144,Qrendi,Flats,,,,3,,,,,282000
True,Dhalia,P000238143,Fgura,Flats,,,,3,,,,,265000
True,Dhalia,P000238142,Siggiewi,Penthouse,,,,3,,,,,520000
True,Dhalia,P000238141,Siggiewi,Flats,,,,3,,,,,280000
True,Dhalia,P000238139,Naxxar,Maisonette,,,,2,,,,,339000
True,Dhalia,P000238138,Gozo Xaghra,Terraced House,,,,3,,,,,400000
True,Dhalia,P000238137,Gozo Xaghra,Terraced House,,,,3,,,,,400000
True,Dhalia,P000238135,Attard,Semi-Detached Villa,,,,4,,,,,1800000
True,Dhalia,P000238131,Attard,1st Floor Maisonette,,,,4,,,,,460000
True,Dhalia,P000238130,Sliema,Duplex Penthouse,,,,2,,,,,360000
True,Dhalia,P000238128,Birkirkara,Penthouse,,,,2,,,,,300000
True,Dhalia,P000238127,Birkirkara,Penthouse,,,,1,,,,,225000
True,Dhalia,P000238118,Birkirkara,Flats,,,,2,,,,,200000
True,Dhalia,P000238114,Birkirkara,Maisonette,,,,2,,,,,220000
True,Dhalia,P000238112,Birkirkara,Maisonette,,,,3,,,,,315000
True,Dhalia,P000238111,Attard,Semi-Detached Villa,,,,4,,,,,850000
True,Dhalia,P000238109,Birkirkara,Gr Floor Maisonette,,,,1,,,,,185000
True,Dhalia,P000238108,Zejtun,Townhouse,,,,5,,,,,1059000
True,Dhalia,P000238107,Dingli,Flats,,,,3,,,,,371000
True,Dhalia,P000238103,Zabbar,Flats,,,,1,,,,,164000
True,Dhalia,P000238101,Floriana,Maisonette,,,,2,,,,,325000
True,Dhalia,P000238100,Marsaxlokk,Penthouse,,,,3,,,,,546000
True,Dhalia,P000238099,Marsaxlokk,Penthouse,,,,3,,,,,456000
True,Dhalia,P000238098,Marsaxlokk,Penthouse,,,,3,,,,,416000
True,Dhalia,P000238097,Marsaxlokk,Penthouse,,,,3,,,,,446000
True,Dhalia,P000238096,Marsaxlokk,Penthouse,,,,2,,,,,326000
True,Dhalia,P000238095,Marsaxlokk,Penthouse,,,,3,,,,,436000
True,Dhalia,P000238093,Marsaxlokk,Flats,,,,3,,,,,271000
True,Dhalia,P000238092,Gozo Xaghra,Penthouse,,,,3,,,,,250000
True,Dhalia,P000238091,Marsaxlokk,Flats,,,,3,,,,,311000
True,Dhalia,P000238089,Marsaxlokk,Flats,,,,3,,,,,291000
True,Dhalia,P000238088,Marsaxlokk,Flats,,,,3,,,,,256000
True,Dhalia,P000238087,Gozo Xaghra,Flats,,,,3,,,,,200000
True,Dhalia,P000238082,Marsaxlokk,Flats,,,,3,,,,,256000
True,Dhalia,P000238081,Marsaxlokk,Flats,,,,3,,,,,256000
True,Dhalia,P000238080,Marsaxlokk,Flats,,,,3,,,,,296000
True,Dhalia,P000238079,Marsaxlokk,Flats,,,,3,,,,,256000
True,Dhalia,P000238078,Marsaxlokk,Flats,,,,3,,,,,296000
True,Dhalia,P000238077,Fgura,Gr Floor Maisonette,,,,1,,,,,159000
True,Dhalia,P000238075,Marsaxlokk,Flats,,,,3,,,,,276000
True,Dhalia,P000238074,Marsaxlokk,Flats,,,,3,,,,,276000
True,Dhalia,P000238073,Marsaxlokk,Flats,,,,3,,,,,246000
True,Dhalia,P000238072,Rabat,1st Floor Maisonette,,,,2,,,,,350000
True,Dhalia,P000238071,Marsaxlokk,Flats,,,,3,,,,,246000
True,Dhalia,P000238070,Marsaxlokk,Maisonette,,,,3,,,,,286000
True,Dhalia,P000238069,Marsaxlokk,Maisonette,,,,2,,,,,241000
True,Dhalia,P000238068,Marsaxlokk,Maisonette,,,,3,,,,,296000
True,Dhalia,P000238067,Marsaxlokk,Maisonette,,,,3,,,,,346000
True,Dhalia,P000238066,Marsaxlokk,Maisonette,,,,3,,,,,326000
True,Dhalia,P000238065,Marsaxlokk,Maisonette,,,,3,,,,,336000
True,Dhalia,P000238064,Marsaxlokk,Maisonette,,,,1,,,,,186000
True,Dhalia,P000238063,Marsaxlokk,Maisonette,,,,3,,,,,306000
True,Dhalia,P000238062,Fgura,Gr Floor Maisonette,,,,3,,,,,243500
True,Dhalia,P000238061,Santa Venera,Duplex Penthouse,,,,3,,,,,575000
True,Dhalia,P000238060,Hamrun,Penthouse,,,,3,,,,,405000
True,Dhalia,P000238059,Hamrun,Flats,,,,2,,,,,196000
True,Dhalia,P000238058,Gozo Xaghra,Penthouse,,,,3,,,,,355000
True,Dhalia,P000238057,Birzebbuga,Townhouse,,,,4,,,,,320000
True,Dhalia,P000238055,Sliema,Flats,,,,3,,,,,380000
True,Dhalia,P000238051,Gozo Xaghra,Maisonette,,,,2,,,,,230000
True,Dhalia,P000238050,Senglea,1st Floor Maisonette,,,,1,,,,,143000
True,Dhalia,P000238049,Qawra,Flats,,,,3,,,,,360000
True,Dhalia,P000238047,Marsaxlokk,Flats,,,,3,,,,,480000
True,Dhalia,P000238046,Gozo Fontana,Terraced House,,,,3,,,,,315000
True,Dhalia,P000238045,Gozo Fontana,Terraced House,,,,3,,,,,315000
True,Dhalia,P000238044,Fgura,Penthouse,,,,3,,,,,340000
True,Dhalia,P000238042,Balzan,Penthouse,,,,2,,,,,395000
True,Dhalia,P000238040,Balzan,Flats,,,,3,,,,,365000
True,Dhalia,P000238038,Balzan,Flats,,,,3,,,,,360000
True,Dhalia,P000238036,Balzan,Flats,,,,3,,,,,350000
True,Dhalia,P000238034,Balzan,Maisonette,,,,3,,,,,360000
True,Dhalia,P000238031,Mosta,Penthouse,,,,2,,,,,340000
True,Dhalia,P000238025,Zejtun,Penthouse,,,,2,,,,,320000
True,Dhalia,P000238022,Zejtun,Flats,,,,3,,,,,250000
True,Dhalia,P000238020,Zejtun,Flats,,,,3,,,,,245000
True,Dhalia,P000238018,Zejtun,Flats,,,,3,,,,,300000
True,Dhalia,P000238017,Zejtun,Maisonette,,,,3,,,,,395000
True,Dhalia,P000238013,Mosta,Flats,,,,3,,,,,520000
True,Dhalia,P000238012,Mosta,Flats,,,,2,,,,,255000
True,Dhalia,P000238010,Mosta,Flats,,,,2,,,,,250000
True,Dhalia,P000238006,Gozo Iz-Zebbug,Flats,,,,2,,,,,550000
True,Dhalia,P000238004,Mosta,Flats,,,,2,,,,,225000
True,Dhalia,P000238003,Mosta,Flats,,,,2,,,,,260000
True,Dhalia,P000238002,St Julians,Flats,,,,3,,,,,600000
True,Dhalia,P000238001,St Julians,Flats,,,,2,,,,,315000
True,Dhalia,P000237998,St Julians,Flats,,,,2,,,,,300000
True,Dhalia,P000237996,St Julians,Flats,,,,2,,,,,290000
True,Dhalia,P000237994,St Julians,Flats,,,,2,,,,,285000
True,Dhalia,P000237992,St Julians,Flats,,,,2,,,,,280000
True,Dhalia,P000237990,St Julians,Flats,,,,1,,,,,250000
True,Dhalia,P000237988,Paola,Garage,,,,,,,,,225000
True,Dhalia,P000237987,St Julians,Flats,,,,3,,,,,425000
True,Dhalia,P000237983,San Gwann,Flats,,,,2,,,,,245000
True,Dhalia,P000237981,St Paul's Bay,Flats,,,,2,,,,,225000
True,Dhalia,P000237978,Attard,House of Character,,,,4,,,,,1600000
True,Dhalia,P000237977,St Julians,Gr Floor Maisonette,,,,3,,,,,382580
True,Dhalia,P000237975,St Julians,Flats,,,,4,,,,,420000
True,Dhalia,P000237972,St Julians,Flats,,,,2,,,,,425000
True,Dhalia,P000237969,Marsascala,Garage,,,,,,,,,43000
True,Dhalia,P000237968,Gozo Il-Qala,House of Character,,,,3,,,,,220000
True,Dhalia,P000237966,Floriana,Flats,,,,2,,,,,595000
True,Dhalia,P000237962,Tarxien,House of Character,,,,2,,,,,215000
True,Dhalia,P000237958,Sliema,Garage,,,,,,,,,75000
True,Dhalia,P000237957,Mellieha,Penthouse,,,,3,,,,,350000
True,Dhalia,P000237953,Msida,Penthouse,,,,1,,,,,255000
True,Dhalia,P000237952,Senglea,Townhouse,,,,3,,,,,395000
True,Dhalia,P000237945,Attard,Flats,,,,2,,,,,240000
True,Dhalia,P000237938,Xemxija,Flats,,,,3,,,,,235000
True,Dhalia,P000237929,Valletta,Palazzo,,,,4,,,,,2400000
True,Dhalia,P000237928,Gzira,Flats,,,,2,,,,,223000
True,Dhalia,P000237927,Gzira,Flats,,,,2,,,,,225000
True,Dhalia,P000237926,Gzira,Flats,,,,2,,,,,224000
True,Dhalia,P000237920,Mellieha,Detached Bungalow,,,,3,,,,,1700000
True,Dhalia,P000237918,Birkirkara,Townhouse,,,,3,,,,,425000
True,Dhalia,P000237916,Birkirkara,Townhouse,,,,2,,,,,355000
True,Dhalia,P000237915,Birkirkara,Townhouse,,,,3,,,,,340000
True,Dhalia,P000237914,Marsascala,Flats,,,,3,,,,,285000
True,Dhalia,P000237912,Gozo Sannat,Flats,,,,3,,,,,170000
True,Dhalia,P000237910,Sliema,Penthouse,,,,3,,,,,825000
True,Dhalia,P000237908,Gozo Sannat,Penthouse,,,,2,,,,,320000
True,Dhalia,P000237905,Gozo Sannat,Maisonette,,,,2,,,,,240000
True,Dhalia,P000237903,Balzan,Flats,,,,3,,,,,434000
True,Dhalia,P000237901,Gozo Ix-Xewkija,Terraced House,,,,2,,,,,325000
True,Dhalia,P000237900,Gozo Ix-Xewkija,Terraced House,,,,3,,,,,325000
True,Dhalia,P000237899,Gozo Ix-Xewkija,Penthouse,,,,2,,,,,180000
True,Dhalia,P000237897,Gozo Ix-Xewkija,Penthouse,,,,3,,,,,170000
True,Dhalia,P000237896,Balzan,Townhouse,,,,3,,,,,2200000
True,Dhalia,P000237894,Gozo L-Gharb,Penthouse,,,,2,,,,,398000
True,Dhalia,P000237893,Gozo L-Gharb,Flats,,,,3,,,,,338000
True,Dhalia,P000237892,Gozo L-Gharb,Maisonette,,,,2,,,,,308000
True,Dhalia,P000237891,Gozo Ir-Rabat,Terraced House,,,,3,,,,,350000
True,Dhalia,P000237887,St Paul's Bay,Penthouse,,,,2,,,,,276000
True,Dhalia,P000237884,Hamrun,Shop,,,,,,,,,210000
True,Dhalia,P000237882,Gozo Ir-Rabat,Terraced House,,,,3,,,,,420000
True,Dhalia,P000237881,St Paul's Bay,Penthouse,,,,2,,,,,320000
True,Dhalia,P000237880,St Paul's Bay,Penthouse,,,,2,,,,,320000
True,Dhalia,P000237879,Hamrun,Maisonette,,,,3,,,,,271000
True,Dhalia,P000237870,Zurrieq,Farmhouse,,,,4,,,,,2120000
True,Dhalia,P000237869,Gharghur,Gr Floor Maisonette,,,,3,,,,,340000
True,Dhalia,P000237867,Gharghur,Flats,,,,3,,,,,360000
True,Dhalia,P000237866,Tarxien,Penthouse,,,,3,,,,,315000
True,Dhalia,P000237854,Marsaxlokk,Penthouse,,,,2,,,,,320000
True,Dhalia,P000237852,Birzebbuga,Penthouse,,,,2,,,,,297000
True,Dhalia,P000237851,Ghaxaq,Flats,,,,3,,,,,290000
True,Dhalia,P000237850,Ghaxaq,Flats,,,,3,,,,,290000
True,Dhalia,P000237849,Birzebbuga,Flats,,,,3,,,,,207000
True,Dhalia,P000237848,Birzebbuga,Garage,,,,,,,,,190000
True,Dhalia,P000237847,Naxxar,House of Character,,,,3,,,,,955000
True,Dhalia,P000237845,Gozo Xaghra,Farmhouse,,,,3,,,,,635000
True,Dhalia,P000237844,Gozo Ix-Xewkija,Farmhouse,,,,3,,,,,398000
True,Dhalia,P000237843,Luqa,Flats,,,,1,,,,,204000
True,Dhalia,P000237842,Qawra,Gr Floor Maisonette,,,,2,,,,,295000
True,Dhalia,P000237841,Gozo Ix-Xewkija,Farmhouse,,,,4,,,,,358000
True,Dhalia,P000237840,Gozo Ix-Xewkija,Farmhouse,,,,4,,,,,298000
True,Dhalia,P000237837,Safi,Penthouse,,,,3,,,,,345000
True,Dhalia,P000237835,Zejtun,1st Floor Maisonette,,,,3,,,,,339000
True,Dhalia,P000237834,Msida,Flats,,,,2,,,,,190000
True,Dhalia,P000237832,Gozo L-Gharb,Penthouse,,,,2,,,,,300000
True,Dhalia,P000237831,San Gwann,Penthouse,,,,3,,,,,689000
True,Dhalia,P000237829,Cospicua,Townhouse,,,,3,,,,,350000
True,Dhalia,P000237827,Gozo Ir-Rabat,House of Character,,,,3,,,,,380000
True,Dhalia,P000237825,Santa Venera,Flats,,,,1,,,,,225000
True,Dhalia,P000237823,Santa Venera,Flats,,,,2,,,,,255000
True,Dhalia,P000237821,Santa Venera,Flats,,,,2,,,,,255000
True,Dhalia,P000237819,Santa Venera,Flats,,,,2,,,,,230000
True,Dhalia,P000237817,Santa Venera,Flats,,,,2,,,,,230000
True,Dhalia,P000237815,Santa Venera,Flats,,,,2,,,,,230000
True,Dhalia,P000237813,Mosta,Flats,,,,3,,,,,350000
True,Dhalia,P000237811,Santa Venera,Flats,,,,2,,,,,225000
True,Dhalia,P000237810,Santa Venera,Flats,,,,2,,,,,225000
True,Dhalia,P000237807,Santa Venera,Flats,,,,3,,,,,210000
True,Dhalia,P000237805,Santa Venera,Flats,,,,2,,,,,225000
True,Dhalia,P000237803,Santa Venera,Flats,,,,2,,,,,225000
True,Dhalia,P000237800,Santa Venera,Flats,,,,3,,,,,210000
True,Dhalia,P000237798,Sliema,Flats,,,,2,,,,,1050000
True,Dhalia,P000237797,Santa Venera,Flats,,,,2,,,,,245000
True,Dhalia,P000237795,Santa Venera,Flats,,,,2,,,,,245000
True,Dhalia,P000237794,Santa Venera,Flats,,,,2,,,,,210000
True,Dhalia,P000237790,San Gwann,Penthouse,,,,3,,,,,480000
True,Dhalia,P000237787,San Gwann,Flats,,,,3,,,,,375000
True,Dhalia,P000237786,San Gwann,Flats,,,,3,,,,,365000
True,Dhalia,P000237784,San Gwann,Flats,,,,3,,,,,355000
True,Dhalia,P000237783,Zabbar,Penthouse,,,,2,,,,,215000
True,Dhalia,P000237780,Zabbar,Flats,,,,2,,,,,215000
True,Dhalia,P000237778,Zabbar,Flats,,,,2,,,,,215000
True,Dhalia,P000237777,Santa Venera,Duplex Penthouse,,,,2,,,,,360000
True,Dhalia,P000237776,Birkirkara,1st Floor Maisonette,,,,2,,,,,498000
True,Dhalia,P000237775,Floriana,Block of Flats,,,,8,,,,,1165000
True,Dhalia,P000237773,Rabat,Plot,,,,,,,,,350000
True,Dhalia,P000237772,Qawra,Penthouse,,,,1,,,,,205000
True,Dhalia,P000237768,Qawra,Flats,,,,2,,,,,245000
True,Dhalia,P000237762,Qawra,Flats,,,,2,,,,,247000
True,Dhalia,P000237758,Qawra,Flats,,,,2,,,,,236000
True,Dhalia,P000237755,Qawra,Flats,,,,2,,,,,225000
True,Dhalia,P000237749,Qawra,Flats,,,,2,,,,,227000
True,Dhalia,P000237743,Qawra,Flats,,,,2,,,,,225000
True,Dhalia,P000237740,Qawra,Flats,,,,2,,,,,200000
True,Dhalia,P000237738,Mellieha,Detached Villa,,,,9,,,,,3720000
True,Dhalia,P000237735,Valletta,Penthouse,,,,2,,,,,1800000
True,Dhalia,P000237734,Mellieha,Penthouse,,,,3,,,,,1060000
True,Dhalia,P000237733,Hamrun,Flats,,,,2,,,,,180000
True,Dhalia,P000237732,Hamrun,Townhouse,,,,4,,,,,424000
True,Dhalia,P000237729,St Julians,Flats,,,,2,,,,,350000
True,Dhalia,P000237728,Naxxar,Gr Floor Maisonette,,,,4,,,,,625000
True,Dhalia,P000237724,Zurrieq,Flats,,,,2,,,,,255000
True,Dhalia,P000237723,Zurrieq,Flats,,,,2,,,,,250000
True,Dhalia,P000237722,Zurrieq,Penthouse,,,,2,,,,,297000
True,Dhalia,P000237721,Zurrieq,Flats,,,,2,,,,,245000
True,Dhalia,P000237720,Balzan,House of Character,,,,2,,,,,399000
True,Dhalia,P000237719,Qrendi,Maisonette,,,,3,,,,,330000
True,Dhalia,P000237718,Zejtun,Flats,,,,2,,,,,185000
True,Dhalia,P000237717,Zurrieq,House of Character,,,,3,,,,,730000
True,Dhalia,P000237713,Zabbar,Terraced House,,,,3,,,,,570000
True,Dhalia,P000237712,Zebbug,Townhouse,,,,3,,,,,361000
True,Dhalia,P000237708,Gozo Ghajnsielem,Flats,,,,3,,,,,148500
True,Dhalia,P000237707,Gozo Ghajnsielem,Maisonette,,,,2,,,,,244500
True,Dhalia,P000237703,Mellieha,Detached Villa,,,,6,,,,,1860000
True,Dhalia,P000237701,Gozo Ghajnsielem,Flats,,,,3,,,,,215000
True,Dhalia,P000237700,Gozo Xaghra,Maisonette,,,,3,,,,,160000
True,Dhalia,P000237699,Hamrun,Maisonette,,,,3,,,,,265000
True,Dhalia,P000237697,Gozo Kercem,Maisonette,,,,2,,,,,245000
True,Dhalia,P000237696,Tarxien,Flats,,,,3,,,,,220000
True,Dhalia,P000237692,Gozo Xaghra,Flats,,,,3,,,,,280000
True,Dhalia,P000237690,Sliema,Townhouse,,,,5,,,,,850000
True,Dhalia,P000237689,Luqa,Townhouse,,,,2,,,,,335000
True,Dhalia,P000237688,Marsascala,Flats,,,,3,,,,,265000
True,Dhalia,P000237687,Qrendi,Penthouse,,,,2,,,,,309000
True,Dhalia,P000237686,Pieta,Garage,,,,,,,,,32500
True,Dhalia,P000237684,Msida,Flats,,,,4,,,,,584000
True,Dhalia,P000237683,Pieta,Flats,,,,1,,,,,165000
True,Dhalia,P000237682,Fgura,Flats,,,,2,,,,,194000
True,Dhalia,P000237681,Balzan,Garage,,,,,,,,,37000
True,Dhalia,P000237680,Balzan,Garage,,,,,,,,,37000
True,Dhalia,P000237679,Balzan,Garage,,,,,,,,,37000
True,Dhalia,P000237678,Balzan,Garage,,,,,,,,,36000
True,Dhalia,P000237677,Balzan,Garage,,,,,,,,,40000
True,Dhalia,P000237676,Balzan,Garage,,,,,,,,,35000
True,Dhalia,P000237675,Balzan,Garage,,,,,,,,,35000
True,Dhalia,P000237674,Balzan,Garage,,,,,,,,,34000
True,Dhalia,P000237673,Balzan,Garage,,,,,,,,,34000
True,Dhalia,P000237672,Balzan,Garage,,,,,,,,,34000
True,Dhalia,P000237660,Gudja,Penthouse,,,,3,,,,,583000
True,Dhalia,P000237659,Gudja,Flats,,,,2,,,,,270000
True,Dhalia,P000237657,Gudja,Flats,,,,1,,,,,235000
True,Dhalia,P000237656,Gudja,Flats,,,,3,,,,,265000
True,Dhalia,P000237655,Balzan,Flats,,,,3,,,,,220000
True,Dhalia,P000237654,Gudja,Flats,,,,3,,,,,265000
True,Dhalia,P000237653,Gudja,Flats,,,,3,,,,,242000
True,Dhalia,P000237652,Gudja,Flats,,,,3,,,,,245000
True,Dhalia,P000237651,Gudja,Maisonette,,,,2,,,,,235000
True,Dhalia,P000237650,Gudja,Townhouse,,,,3,,,,,950000
True,Dhalia,P000237649,Balzan,Flats,,,,1,,,,,204000
True,Dhalia,P000237647,Gudja,Flats,,,,2,,,,,239500
True,Dhalia,P000237646,Paola,Penthouse,,,,3,,,,,299250
True,Dhalia,P000237645,Rabat,Penthouse,,,,3,,,,,605000
True,Dhalia,P000237643,Rabat,Flats,,,,3,,,,,299500
True,Dhalia,P000237642,Zurrieq,Townhouse,,,,3,,,,,1150000
True,Dhalia,P000237641,Ghaxaq,Penthouse,,,,2,,,,,295000
True,Dhalia,P000237640,Ghaxaq,Penthouse,,,,2,,,,,295000
True,Dhalia,P000237639,Rabat,1st Floor Maisonette,,,,3,,,,,605000
True,Dhalia,P000237636,Gozo Xlendi,Flats,,,,3,,,,,170000
True,Dhalia,P000237634,Gozo Sannat,Penthouse,,,,3,,,,,442000
True,Dhalia,P000237633,Gozo Sannat,Flats,,,,3,,,,,213000
True,Dhalia,P000237631,Naxxar,Flats,,,,3,,,,,313000
True,Dhalia,P000237628,Naxxar,Flats,,,,3,,,,,298000
True,Dhalia,P000237626,Msida,Penthouse,,,,2,,,,,295000
True,Dhalia,P000237625,Naxxar,Flats,,,,3,,,,,276000
True,Dhalia,P000237624,San Gwann,Flats,,,,3,,,,,340000
True,Dhalia,P000237620,Qormi,Penthouse,,,,1,,,,,201000
True,Dhalia,P000237619,Qormi,Maisonette,,,,2,,,,,206500
True,Dhalia,P000237616,Rabat,Townhouse,,,,3,,,,,590000
True,Dhalia,P000237614,Sliema,Townhouse,,,,4,,,,,925000
True,Dhalia,P000237613,Zabbar,Townhouse,,,,3,,,,,296500
True,Dhalia,P000237612,Gozo Sannat,Flats,,,,2,,,,,154000
True,Dhalia,P000237611,Gozo Sannat,Maisonette,,,,3,,,,,186000
True,Dhalia,P000237609,Sliema,Flats,,,,4,,,,,450000
True,Dhalia,P000237608,Paola,Maisonette,,,,1,,,,,150000
True,Dhalia,P000237607,Paola,Flats,,,,1,,,,,150000
True,Dhalia,P000237606,Paola,Flats,,,,1,,,,,150000
True,Dhalia,P000237605,Paola,Flats,,,,1,,,,,150000
True,Dhalia,P000237604,Paola,Flats,,,,1,,,,,150000
True,Dhalia,P000237603,Paola,Flats,,,,1,,,,,150000
True,Dhalia,P000237602,Paola,Flats,,,,1,,,,,150000
True,Dhalia,P000237601,Paola,Flats,,,,1,,,,,150000
True,Dhalia,P000237600,Bugibba,Penthouse,,,,2,,,,,265000
True,Dhalia,P000237599,Gozo Il-Qala,Flats,,,,3,,,,,275000
True,Dhalia,P000237598,Gozo Il-Qala,Flats,,,,3,,,,,270000
True,Dhalia,P000237597,Mellieha,Penthouse,,,,3,,,,,550000
True,Dhalia,P000237595,Zebbug,Farmhouse,,,,3,,,,,1700000
True,Dhalia,P000237594,Swieqi,Garage,,,,,,,,,245000
True,Dhalia,P000237592,Marsascala,Penthouse,,,,3,,,,,405000
True,Dhalia,P000237591,Birzebbuga,Townhouse,,,,3,,,,,425000
True,Dhalia,P000237590,Marsascala,Flats,,,,3,,,,,312500
True,Dhalia,P000237589,Marsascala,Flats,,,,3,,,,,307000
True,Dhalia,P000237588,Marsascala,Flats,,,,3,,,,,302000
True,Dhalia,P000237586,Marsascala,Maisonette,,,,3,,,,,315000
True,Dhalia,P000237584,Msida,Guest House - Hotel,,,,11,,,,,850000
True,Dhalia,P000237583,Gharghur,Terraced House,,,,3,,,,,955000
True,Dhalia,P000237582,Luqa,Townhouse,,,,1,,,,,230000
True,Dhalia,P000237580,Luqa,Townhouse,,,,2,,,,,520000
True,Dhalia,P000237579,Marsascala,Penthouse,,,,4,,,,,530000
True,Dhalia,P000237573,Marsascala,Flats,,,,3,,,,,265000
True,Dhalia,P000237571,Marsascala,Maisonette,,,,3,,,,,295000
True,Dhalia,P000237570,Gharghur,Flats,,,,3,,,,,425000
True,Dhalia,P000237568,Gzira,Flats,,,,2,,,,,245000
True,Dhalia,P000237566,Gwardamangia,Townhouse,,,,4,,,,,1250000
True,Dhalia,P000237565,Zebbug,House of Character,,,,3,,,,,2295000
True,Dhalia,P000237564,Fgura,Garage,,,,,,,,,125000
True,Dhalia,P000237561,Birkirkara,Garage,,,,,,,,,55000
True,Dhalia,P000237560,Birkirkara,Garage,,,,,,,,,60000
True,Dhalia,P000237556,Gzira,Penthouse,,,,2,,,,,370000
True,Dhalia,P000237555,Gzira,Flats,,,,3,,,,,354000
True,Dhalia,P000237554,Naxxar,Maisonette,,,,2,,,,,350000
True,Dhalia,P000237552,Gozo Il-Qala,Penthouse,,,,2,,,,,249000
True,Dhalia,P000237551,Sliema,Flats,,,,3,,,,,1275000
True,Dhalia,P000237550,Gozo Il-Qala,Flats,,,,2,,,,,154000
True,Dhalia,P000237542,Birkirkara,Maisonette,,,,1,,,,,250000
True,Dhalia,P000237540,Birkirkara,Commercial,,,,,,,,,895000
True,Dhalia,P000237539,Gozo Ix-Xewkija,Penthouse,,,,3,,,,,215000
True,Dhalia,P000237538,Gozo Ix-Xewkija,Flats,,,,3,,,,,158000
True,Dhalia,P000237537,Gozo Ix-Xewkija,Penthouse,,,,3,,,,,235000
True,Dhalia,P000237536,Gozo Ix-Xewkija,Flats,,,,2,,,,,139000
True,Dhalia,P000237532,Gozo Ir-Rabat,Terraced House,,,,4,,,,,575000
True,Dhalia,P000237530,Gozo Ir-Rabat,Terraced House,,,,6,,,,,760000
True,Dhalia,P000237507,Xemxija,Semi-Detached Villa,,,,3,,,,,920000
True,Dhalia,P000237506,Mosta,Semi-Detached Villa,,,,3,,,,,980000
True,Dhalia,P000237505,Fgura,Flats,,,,3,,,,,245000
True,Dhalia,P000237504,Fgura,Flats,,,,3,,,,,245000
True,Dhalia,P000237503,Fgura,Flats,,,,3,,,,,240000
True,Dhalia,P000237502,Mosta,Semi-Detached Villa,,,,3,,,,,980000
True,Dhalia,P000237501,Fgura,Flats,,,,3,,,,,240000
True,Dhalia,P000237500,Fgura,Flats,,,,3,,,,,235000
True,Dhalia,P000237498,Cospicua,Townhouse,,,,3,,,,,595000
True,Dhalia,P000237494,Fgura,Flats,,,,2,,,,,265000
True,Dhalia,P000237493,Birzebbuga,1st Floor Maisonette,,,,3,,,,,370000
True,Dhalia,P000237485,Marsascala,Garage,,,,,,,,,80000
True,Dhalia,P000237476,Cospicua,Block of Flats,,,,4,,,,,990000
True,Dhalia,P000237475,Madliena,Gr Floor Maisonette,,,,3,,,,,695000
True,Dhalia,P000237474,Cospicua,Townhouse,,,,4,,,,,990000
True,Dhalia,P000237473,Marsascala,Garage,,,,,,,,,117000
True,Dhalia,P000237472,Paola,Terraced House,,,,4,,,,,475000
True,Dhalia,P000237467,Senglea,Duplex Maisonette,,,,3,,,,,235000
True,Dhalia,P000237463,Gzira,Flats,,,,2,,,,,249000
True,Dhalia,P000237461,Gzira,Flats,,,,2,,,,,245000
True,Dhalia,P000237458,Gzira,Flats,,,,2,,,,,229000
True,Dhalia,P000237456,Gzira,Flats,,,,2,,,,,225000
True,Dhalia,P000237454,Gzira,Flats,,,,2,,,,,219000
True,Dhalia,P000237451,Gzira,Flats,,,,2,,,,,259000
True,Dhalia,P000237447,Gzira,Flats,,,,2,,,,,249000
True,Dhalia,P000237443,Gzira,Flats,,,,2,,,,,215000
True,Dhalia,P000237442,Gzira,Maisonette,,,,2,,,,,269000
True,Dhalia,P000237440,Gzira,Maisonette,,,,2,,,,,249000
True,Dhalia,P000237439,Mellieha,Gr Floor Maisonette,,,,2,,,,,285000
True,Dhalia,P000237438,Gudja,Flats,,,,3,,,,,235000
True,Dhalia,P000237437,Qormi,House of Character,,,,2,,,,,265000
True,Dhalia,P000237436,Zebbug,House of Character,,,,3,,,,,980000
True,Dhalia,P000237433,Luqa,Townhouse,,,,4,,,,,408000
True,Dhalia,P000237431,Birkirkara,Flats,,,,2,,,,,240000
True,Dhalia,P000237430,Mosta,Townhouse,,,,2,,,,,615000
True,Dhalia,P000237428,Rabat,Palazzo,,,,5,,,,,2400000
True,Dhalia,P000237425,Vittoriosa,Townhouse,,,,2,,,,,320000
True,Dhalia,P000237423,Mosta,Penthouse,,,,1,,,,,595000
True,Dhalia,P000237422,Hamrun,Flats,,,,4,,,,,239000
True,Dhalia,P000237421,Hamrun,Flats,,,,4,,,,,228000
True,Dhalia,P000237418,Mosta,Flats,,,,3,,,,,297000
True,Dhalia,P000237416,Marsascala,Flats,,,,3,,,,,530000
True,Dhalia,P000237414,Mosta,Gr Floor Maisonette,,,,2,,,,,360000
True,Dhalia,P000237413,Swieqi,Flats,,,,3,,,,,340000
True,Dhalia,P000237412,Birkirkara,House of Character,,,,3,,,,,499000
True,Dhalia,P000237411,Marsascala,Flats,,,,3,,,,,355000
True,Dhalia,P000237410,Marsascala,Flats,,,,3,,,,,355000
True,Dhalia,P000237407,Ghaxaq,Terraced House,,,,3,,,,,640000
True,Dhalia,P000237405,Zebbug,Terraced House,,,,3,,,,,650000
True,Dhalia,P000237404,Zurrieq,Flats,,,,2,,,,,225000
True,Dhalia,P000237402,Pieta,Flats,,,,3,,,,,290000
True,Dhalia,P000237401,Mellieha,Penthouse,,,,2,,,,,385000
True,Dhalia,P000237400,Zebbug,House of Character,,,,3,,,,,550000
True,Dhalia,P000237398,Birkirkara,Townhouse,,,,3,,,,,349000
True,Dhalia,P000237397,Gozo Marsalforn,Flats,,,,3,,,,,180000
True,Dhalia,P000237395,Gozo Marsalforn,Flats,,,,3,,,,,180000
True,Dhalia,P000237394,Qormi,Penthouse,,,,3,,,,,285000
True,Dhalia,P000237393,Qormi,Flats,,,,3,,,,,239000
True,Dhalia,P000237392,Qormi,Flats,,,,3,,,,,235000
True,Dhalia,P000237391,Qormi,Flats,,,,3,,,,,228000
True,Dhalia,P000237390,Zabbar,House of Character,,,,3,,,,,478000
True,Dhalia,P000237373,Kalkara,Townhouse,,,,,,,,,1600000
True,Dhalia,P000237372,Marsascala,Duplex Apartment,,,,3,,,,,405000
True,Dhalia,P000237371,Marsascala,Flats,,,,2,,,,,205000
True,Dhalia,P000237370,Marsascala,Flats,,,,2,,,,,205000
True,Dhalia,P000237368,Birkirkara,Flats,,,,3,,,,,275000
True,Dhalia,P000237365,St Julians,Duplex Maisonette,,,,2,,,,,297000
True,Dhalia,P000237363,Fgura,Flats,,,,3,,,,,244000
True,Dhalia,P000237360,St Julians,Flats,,,,3,,,,,700000
True,Dhalia,P000237358,Fgura,Flats,,,,3,,,,,230000
True,Dhalia,P000237353,Gozo Il-Qala,Maisonette,,,,1,,,,,135000
True,Dhalia,P000237352,Siggiewi,House of Character,,,,3,,,,,795000
True,Dhalia,P000237351,Gozo Il-Qala,Flats,,,,2,,,,,180000
True,Dhalia,P000237350,Qormi,Flats,,,,3,,,,,265000
True,Dhalia,P000237349,Vittoriosa,Guest House - Hotel,,,,6,,,,,2338600
True,Dhalia,P000237348,Marsascala,Flats,,,,3,,,,,300000
True,Dhalia,P000237347,Marsascala,Flats,,,,3,,,,,295000
True,Dhalia,P000237346,Marsascala,Flats,,,,3,,,,,290000
True,Dhalia,P000237345,Marsascala,Flats,,,,3,,,,,280000
True,Dhalia,P000237343,Marsascala,Flats,,,,3,,,,,300000
True,Dhalia,P000237341,Marsascala,Flats,,,,3,,,,,290000
True,Dhalia,P000237340,Marsascala,Flats,,,,3,,,,,280000
True,Dhalia,P000237339,Siggiewi,Flats,,,,3,,,,,228000
True,Dhalia,P000237338,Gozo Xaghra,Flats,,,,2,,,,,187000
True,Dhalia,P000237337,Gozo Xaghra,Flats,,,,2,,,,,157000
True,Dhalia,P000237336,San Gwann,Penthouse,,,,2,,,,,265000
True,Dhalia,P000237335,Gozo Xaghra,Flats,,,,1,,,,,124000
True,Dhalia,P000237334,Lija,Semi-Detached Villa,,,,3,,,,,1490000
True,Dhalia,P000237333,Hamrun,Townhouse,,,,2,,,,,297000
True,Dhalia,P000237331,Gozo Ix-Xewkija,Townhouse,,,,3,,,,,425000
True,Dhalia,P000237330,Birzebbuga,Penthouse,,,,2,,,,,412000
True,Dhalia,P000237329,Birzebbuga,Penthouse,,,,2,,,,,337000
True,Dhalia,P000237328,Qormi,House of Character,,,,4,,,,,435000
True,Dhalia,P000237325,Gozo Sannat,Flats,,,,2,,,,,280000
True,Dhalia,P000237321,Birzebbuga,Flats,,,,3,,,,,287000
True,Dhalia,P000237317,Birzebbuga,Flats,,,,3,,,,,282000
True,Dhalia,P000237316,Birzebbuga,Flats,,,,3,,,,,277000
True,Dhalia,P000237314,Gozo Ir-Rabat,Flats,,,,2,,,,,166000
True,Dhalia,P000237312,Gozo Ir-Rabat,Flats,,,,3,,,,,188000
True,Dhalia,P000237311,Gozo Ir-Rabat,Flats,,,,3,,,,,213000
True,Dhalia,P000237309,Gozo Ir-Rabat,Flats,,,,2,,,,,161000
True,Dhalia,P000237308,Birzebbuga,Flats,,,,3,,,,,277000
True,Dhalia,P000237307,Qormi,Flats,,,,2,,,,,192000
True,Dhalia,P000237306,Qormi,Flats,,,,2,,,,,192000
True,Dhalia,P000237305,Gozo Ir-Rabat,Flats,,,,2,,,,,166000
True,Dhalia,P000237304,Birzebbuga,Flats,,,,3,,,,,267000
True,Dhalia,P000237302,Birzebbuga,Flats,,,,2,,,,,237000
True,Dhalia,P000237299,Cospicua,Townhouse,,,,2,,,,,375000
True,Dhalia,P000237298,Gozo Ir-Rabat,Flats,,,,2,,,,,164000
True,Dhalia,P000237297,Birzebbuga,Maisonette,,,,2,,,,,247000
True,Dhalia,P000237290,Zebbug,Townhouse,,,,4,,,,,795000
True,Dhalia,P000237281,Qormi,House of Character,,,,3,,,,,455000
True,Dhalia,P000237280,Qormi,House of Character,,,,4,,,,,655000
True,Dhalia,P000237275,Gozo Ix-Xewkija,Penthouse,,,,3,,,,,388000
True,Dhalia,P000237273,Qormi,Penthouse,,,,3,,,,,455000
True,Dhalia,P000237272,Qormi,Flats,,,,3,,,,,255000
True,Dhalia,P000237269,Qormi,Flats,,,,3,,,,,245000
True,Dhalia,P000237264,Qormi,Flats,,,,3,,,,,205000
True,Dhalia,P000237263,Gozo Ix-Xewkija,Flats,,,,3,,,,,268000
True,Dhalia,P000237261,Qormi,Maisonette,,,,3,,,,,285000
True,Dhalia,P000237260,Gozo Ix-Xewkija,Maisonette,,,,3,,,,,278000
True,Dhalia,P000237258,Gozo Ix-Xewkija,Townhouse,,,,10,,,,,1700000
True,Dhalia,P000237257,Qormi,Garage,,,,,,,,,43000
True,Dhalia,P000237256,St Paul's Bay,Flats,,,,2,,,,,495000
True,Dhalia,P000237255,Qormi,Penthouse,,,,3,,,,,350000
True,Dhalia,P000237254,St Paul's Bay,Flats,,,,2,,,,,485000
True,Dhalia,P000237252,Gozo Ix-Xewkija,Penthouse,,,,2,,,,,313000
True,Dhalia,P000237251,Qormi,Flats,,,,3,,,,,328000
True,Dhalia,P000237250,Zebbug,Townhouse,,,,3,,,,,635000
True,Dhalia,P000237249,Gozo Ix-Xewkija,Flats,,,,3,,,,,263000
True,Dhalia,P000237248,Qormi,Flats,,,,3,,,,,313000
True,Dhalia,P000237247,Gozo Ix-Xewkija,Flats,,,,2,,,,,248000
True,Dhalia,P000237246,Attard,Terraced House,,,,3,,,,,750000
True,Dhalia,P000237245,Gozo Ix-Xewkija,Flats,,,,2,,,,,228000
True,Dhalia,P000237244,Qormi,House of Character,,,,3,,,,,445000
True,Dhalia,P000237243,Attard,Terraced House,,,,3,,,,,750000
True,Dhalia,P000237242,Hamrun,Townhouse,,,,3,,,,,265000
True,Dhalia,P000237241,Sliema,Penthouse,,,,3,,,,,700000
True,Dhalia,P000237240,Gozo Sannat,Flats,,,,2,,,,,255000
True,Dhalia,P000237239,Sliema,Flats,,,,3,,,,,1000000
True,Dhalia,P000237237,Fgura,Penthouse,,,,3,,,,,285000
True,Dhalia,P000237236,Fgura,Penthouse,,,,3,,,,,285000
True,Dhalia,P000237235,Gozo Marsalforn,Flats,,,,2,,,,,180000
True,Dhalia,P000237233,Fgura,Flats,,,,3,,,,,244000
True,Dhalia,P000237231,Fgura,Flats,,,,3,,,,,233000
True,Dhalia,P000237229,Fgura,Flats,,,,3,,,,,223000
True,Dhalia,P000237227,Fgura,Maisonette,,,,3,,,,,260000
True,Dhalia,P000237225,Zejtun,2nd Floor maisonette,,,,3,,,,,381000
True,Dhalia,P000237221,Sliema,Flats,,,,2,,,,,850000
True,Dhalia,P000237217,Gharghur,Maisonette,,,,2,,,,,320000
True,Dhalia,P000237216,Marsascala,Penthouse,,,,3,,,,,430000
True,Dhalia,P000237214,Bahrija,Flats,,,,3,,,,,285000
True,Dhalia,P000237212,Sliema,Flats,,,,3,,,,,785000
True,Dhalia,P000237211,Qormi,Shop,,,,,,,,,400000
True,Dhalia,P000237210,Mellieha,Gr Floor Maisonette,,,,3,,,,,295000
True,Dhalia,P000237206,Gozo Ghajnsielem,Penthouse,,,,3,,,,,180000
True,Dhalia,P000237200,Siggiewi,House of Character,,,,3,,,,,650000
True,Dhalia,P000237196,Vittoriosa,Palazzo,,,,4,,,,,1271000
True,Dhalia,P000237193,Ghaxaq,Flats,,,,2,,,,,244000
True,Dhalia,P000237192,Ghaxaq,Flats,,,,2,,,,,228000
True,Dhalia,P000237191,Ghaxaq,Maisonette,,,,2,,,,,239000
True,Dhalia,P000237185,Gozo Sannat,House of Character,,,,6,,,,,730000
True,Dhalia,P000237183,Gozo Sannat,House of Character,,,,6,,,,,720000
True,Dhalia,P000237182,Gozo Sannat,House of Character,,,,6,,,,,760000
True,Dhalia,P000237181,Marsascala,Penthouse,,,,2,,,,,325000
True,Dhalia,P000237179,Paola,Penthouse,,,,2,,,,,190000
True,Dhalia,P000237178,Paola,Penthouse,,,,2,,,,,180000
True,Dhalia,P000237169,Rabat,Flats,,,,3,,,,,385000
True,Dhalia,P000237167,Gharghur,Flats,,,,3,,,,,425000
True,Dhalia,P000237165,Gharghur,Maisonette,,,,2,,,,,345000
True,Dhalia,P000237164,Birkirkara,Garage,,,,1,,,,,233000
True,Dhalia,P000237163,Birkirkara,Flats,,,,1,,,,,244000
True,Dhalia,P000237162,St Julians,Garage,,,,,,,,,35000
True,Dhalia,P000237159,Birkirkara,Flats,,,,2,,,,,233000
True,Dhalia,P000237158,Pieta,Garage,,,,,,,,,185000
True,Dhalia,P000237157,Birzebbuga,Townhouse,,,,1,,,,,795000
True,Dhalia,P000237156,Mosta,Flats,,,,3,,,,,265000
True,Dhalia,P000237155,Mosta,Flats,,,,3,,,,,265000
True,Dhalia,P000237153,Mosta,Flats,,,,3,,,,,265000
True,Dhalia,P000237151,Mosta,Flats,,,,3,,,,,265000
True,Dhalia,P000237150,Ta'L-ibrag,Gr Floor Maisonette,,,,3,,,,,388000
True,Dhalia,P000237147,Birzebbuga,Penthouse,,,,2,,,,,320000
True,Dhalia,P000237144,Birzebbuga,Flats,,,,2,,,,,275000
True,Dhalia,P000237143,Mellieha,Flats,,,,1,,,,,305000
True,Dhalia,P000237138,Sliema,Townhouse,,,,4,,,,,784000
True,Dhalia,P000237134,Lija,Maisonette,,,,3,,,,,340000
True,Dhalia,P000237132,L-Iklin,Detached Bungalow,,,,5,,,,,2500000
True,Dhalia,P000237130,Birzebbuga,Flats,,,,2,,,,,180000
True,Dhalia,P000237125,Birzebbuga,Flats,,,,2,,,,,200000
True,Dhalia,P000237123,Birzebbuga,Maisonette,,,,3,,,,,240000
True,Dhalia,P000237122,Qawra,Flats,,,,3,,,,,320000
True,Dhalia,P000237120,Sliema,Flats,,,,1,,,,,255000
True,Dhalia,P000237118,Lija,House of Character,,,,4,,,,,3000000
True,Dhalia,P000237116,Mellieha,Garage,,,,,,,,,85000
True,Dhalia,P000237115,Mellieha,Garage,,,,,,,,,45000
True,Dhalia,P000237114,Mellieha,Penthouse,,,,2,,,,,630000
True,Dhalia,P000237113,Mellieha,Flats,,,,3,,,,,477000
True,Dhalia,P000237112,Mellieha,Flats,,,,3,,,,,477000
True,Dhalia,P000237111,Mellieha,Flats,,,,3,,,,,371000
True,Dhalia,P000237110,Mellieha,Maisonette,,,,3,,,,,371000
True,Dhalia,P000237109,Fgura,Penthouse,,,,2,,,,,236000
True,Dhalia,P000237108,Marsascala,Gr Floor Maisonette,,,,2,,,,,245000
True,Dhalia,P000237107,Siggiewi,Townhouse,,,,3,,,,,424000
True,Dhalia,P000237100,St Paul's Bay,Flats,,,,2,,,,,179000
True,Dhalia,P000237085,Kirkop,Flats,,,,2,,,,,286000
True,Dhalia,P000237083,Gzira,Flats,,,,2,,,,,325000
True,Dhalia,P000237068,Rabat,House of Character,,,,3,,,,,952000
True,Dhalia,P000237067,Qormi,Penthouse,,,,3,,,,,397000
True,Dhalia,P000237066,Siggiewi,Maisonette,,,,3,,,,,450000
True,Dhalia,P000237063,Qormi,Penthouse,,,,3,,,,,285000
True,Dhalia,P000237062,Qormi,Flats,,,,3,,,,,239000
True,Dhalia,P000237061,Qormi,Flats,,,,3,,,,,235000
True,Dhalia,P000237060,Qormi,Flats,,,,3,,,,,228000
True,Dhalia,P000237055,Gudja,Townhouse,,,,3,,,,,556000
True,Dhalia,P000237052,Fgura,Flats,,,,3,,,,,200000
True,Dhalia,P000237051,Fgura,Flats,,,,3,,,,,200000
True,Dhalia,P000237050,Fgura,Flats,,,,3,,,,,200000
True,Dhalia,P000237046,Gharghur,Townhouse,,,,3,,,,,519000
True,Dhalia,P000237040,Gozo Marsalforn,Flats,,,,2,,,,,150000
True,Dhalia,P000237038,Zabbar,Duplex Maisonette,,,,3,,,,,245000
True,Dhalia,P000237035,Santa Venera,Office,,,,,,,,,2200000
True,Dhalia,P000237027,Qormi,Flats,,,,3,,,,,250000
True,Dhalia,P000237026,Marsascala,Penthouse,,,,2,,,,,299500
True,Dhalia,P000237025,Mosta,Garage,,,,,,,,,35000
True,Dhalia,P000237023,Mosta,Penthouse,,,,2,,,,,415000
True,Dhalia,P000237021,Mosta,Flats,,,,3,,,,,308000
True,Dhalia,P000237018,Mosta,Flats,,,,3,,,,,288000
True,Dhalia,P000237017,Mosta,Gr Floor Maisonette,,,,3,,,,,340000
True,Dhalia,P000237013,Mosta,Flats,,,,3,,,,,318000
True,Dhalia,P000237011,Mosta,Flats,,,,3,,,,,308000
True,Dhalia,P000237008,Mosta,Flats,,,,3,,,,,298000
True,Dhalia,P000237006,Mosta,Flats,,,,3,,,,,325000
True,Dhalia,P000237001,Attard,Flats,,,,3,,,,,250000
True,Dhalia,P000237000,Birkirkara,Townhouse,,,,4,,,,,850000
True,Dhalia,P000236999,Attard,1st Floor Maisonette,,,,3,,,,,350000
True,Dhalia,P000236998,Marsascala,Maisonette,,,,3,,,,,235000
True,Dhalia,P000236997,Marsaxlokk,Penthouse,,,,2,,,,,380000
True,Dhalia,P000236995,Marsaxlokk,Flats,,,,2,,,,,225000
True,Dhalia,P000236994,Marsaxlokk,Flats,,,,2,,,,,225000
True,Dhalia,P000236993,Marsaxlokk,Flats,,,,2,,,,,225000
True,Dhalia,P000236992,Sliema,Penthouse,,,,2,,,,,690000
True,Dhalia,P000236990,Marsaxlokk,Flats,,,,2,,,,,220000
True,Dhalia,P000236987,Naxxar,Gr Floor Maisonette,,,,2,,,,,290000
True,Dhalia,P000236985,Marsascala,Flats,,,,3,,,,,300000
True,Dhalia,P000236984,Valletta,Flats,,,,2,,,,,450000
True,Dhalia,P000236980,Zabbar,Townhouse,,,,3,,,,,330000
True,Dhalia,P000236977,Birkirkara,Duplex Apartment,,,,3,,,,,298000
True,Dhalia,P000236972,Zebbiegh,Terraced House,,,,3,,,,,585000
True,Dhalia,P000236969,Gozo Fontana,Penthouse,,,,2,,,,,188000
True,Dhalia,P000236968,Gozo Fontana,Flats,,,,3,,,,,171000
True,Dhalia,P000236967,Gozo Fontana,Flats,,,,2,,,,,148000
True,Dhalia,P000236966,Msida,Penthouse,,,,2,,,,,314000
True,Dhalia,P000236960,Sliema,Flats,,,,3,,,,,530000
True,Dhalia,P000236955,Zurrieq,Penthouse,,,,3,,,,,385000
True,Dhalia,P000236953,Zurrieq,Maisonette,,,,2,,,,,275000
True,Dhalia,P000236948,Senglea,Palazzo,,,,4,,,,,465000
True,Dhalia,P000236946,Sliema,Townhouse,,,,3,,,,,1500000
True,Dhalia,P000236944,Msida,Flats,,,,3,,,,,259000
True,Dhalia,P000236939,Gozo Ghajnsielem,Flats,,,,3,,,,,795000
True,Dhalia,P000236938,Balzan,House of Character,,,,4,,,,,1200000
True,Dhalia,P000236935,Cospicua,Flats,,,,2,,,,,213000
True,Dhalia,P000236923,Siggiewi,Flats,,,,3,,,,,485000
True,Dhalia,P000236922,Gozo Marsalforn,Flats,,,,2,,,,,231000
True,Dhalia,P000236921,Qormi,House of Character,,,,3,,,,,742000
True,Dhalia,P000236920,Gozo Marsalforn,Flats,,,,2,,,,,208000
True,Dhalia,P000236919,Gozo Marsalforn,Flats,,,,3,,,,,275000
True,Dhalia,P000236918,Gozo Marsalforn,Flats,,,,1,,,,,183000
True,Dhalia,P000236917,Sliema,Townhouse,,,,3,,,,,1250000
True,Dhalia,P000236915,Swieqi,Gr Floor Maisonette,,,,3,,,,,543000
True,Dhalia,P000236914,Gozo Sannat,Penthouse,,,,2,,,,,155000
True,Dhalia,P000236913,Gozo Sannat,Flats,,,,2,,,,,125000
True,Dhalia,P000236912,St Paul's Bay,Penthouse,,,,3,,,,,455000
True,Dhalia,P000236911,Gozo Sannat,Flats,,,,2,,,,,120000
True,Dhalia,P000236910,Gozo Sannat,Gr Floor Maisonette,,,,3,,,,,178000
True,Dhalia,P000236909,L-Iklin,Flats,,,,2,,,,,250000
True,Dhalia,P000236908,Zurrieq,Flats,,,,1,,,,,170000
True,Dhalia,P000236907,Zurrieq,Flats,,,,3,,,,,340000
True,Dhalia,P000236906,Valletta,House of Character,,,,6,,,,,1800000
True,Dhalia,P000236903,Gozo Sannat,Penthouse,,,,2,,,,,160000
True,Dhalia,P000236902,Gozo Sannat,Flats,,,,3,,,,,140000
True,Dhalia,P000236901,Gozo Sannat,Flats,,,,3,,,,,130000
True,Dhalia,P000236900,St Julians,Penthouse,,,,1,,,,,432000
True,Dhalia,P000236899,St Julians,Flats,,,,2,,,,,316000
True,Dhalia,P000236896,Gozo Sannat,Gr Floor Maisonette,,,,3,,,,,138000
True,Dhalia,P000236894,St Julians,Flats,,,,2,,,,,313000
True,Dhalia,P000236890,St Julians,Flats,,,,2,,,,,310000
True,Dhalia,P000236886,St Julians,Flats,,,,2,,,,,307000
True,Dhalia,P000236882,St Julians,Flats,,,,2,,,,,304000
True,Dhalia,P000236878,St Julians,Maisonette,,,,2,,,,,337000
True,Dhalia,P000236875,St Julians,Garage,,,,,,,,,35500
True,Dhalia,P000236872,St Julians,Garage,,,,,,,,,71500
True,Dhalia,P000236868,St Julians,Block of Flats,,,,2,,,,,313000
True,Dhalia,P000236865,Rabat,Detached Bungalow,,,,4,,,,,3150000
True,Dhalia,P000236864,Pieta,Flats,,,,2,,,,,204000
True,Dhalia,P000236863,Qormi,Penthouse,,,,3,,,,,255000
True,Dhalia,P000236862,Qormi,Flats,,,,3,,,,,202000
True,Dhalia,P000236861,Qormi,Maisonette,,,,2,,,,,255000
True,Dhalia,P000236857,Marsascala,Penthouse,,,,3,,,,,350000
True,Dhalia,P000236853,Marsascala,Flats,,,,2,,,,,280000
True,Dhalia,P000236852,Marsascala,Flats,,,,2,,,,,280000
True,Dhalia,P000236840,Marsascala,Flats,,,,2,,,,,265000
True,Dhalia,P000236839,Marsascala,Flats,,,,2,,,,,265000
True,Dhalia,P000236835,Marsascala,Flats,,,,2,,,,,265000
True,Dhalia,P000236829,Marsascala,Flats,,,,2,,,,,275000
True,Dhalia,P000236827,Marsascala,Flats,,,,2,,,,,275000
True,Dhalia,P000236825,Marsascala,Flats,,,,2,,,,,275000
True,Dhalia,P000236821,Gozo L-Gharb,Penthouse,,,,2,,,,,180000
True,Dhalia,P000236820,Zejtun,Townhouse,,,,3,,,,,585000
True,Dhalia,P000236812,Gozo L-Gharb,Flats,,,,3,,,,,153000
True,Dhalia,P000236811,Marsascala,Site,,,,1,,,,,450000
True,Dhalia,P000236809,Swieqi,Penthouse,,,,2,,,,,495000
True,Dhalia,P000236808,Swieqi,Flats,,,,3,,,,,370000
True,Dhalia,P000236807,Swieqi,Flats,,,,3,,,,,360000
True,Dhalia,P000236806,Swieqi,Flats,,,,3,,,,,350000
True,Dhalia,P000236805,Swieqi,Gr Floor Maisonette,,,,3,,,,,445000
True,Dhalia,P000236804,Msida,Penthouse,,,,1,,,,,225000
True,Dhalia,P000236803,Qormi,Townhouse,,,,3,,,,,365000
True,Dhalia,P000236802,Sliema,Townhouse,,,,2,,,,,445000
True,Dhalia,P000236800,Gozo L-Gharb,Maisonette,,,,2,,,,,149000
False,Dhalia,P000238416,Gozo Xaghra,Flats,,,,3,,,,,850
False,Dhalia,P000238401,St Julians,Penthouse,,,,2,,,,,2300
False,Dhalia,P000238397,Gozo In-Nadur,Flats,,,,3,,,,,800
False,Dhalia,P000238394,St Paul's Bay,Flats,,,,3,,,,,1100
False,Dhalia,P000238377,Gozo Xaghra,Flats,,,,2,,,,,700
False,Dhalia,P000238373,San Gwann,Flats,,,,3,,,,,1100
False,Dhalia,P000238372,San Gwann,Flats,,,,3,,,,,1100
False,Dhalia,P000238359,Gzira,Flats,,,,2,,,,,800
False,Dhalia,P000238355,Gozo Ghajnsielem,Penthouse,,,,2,,,,,1200
False,Dhalia,P000238352,Gozo L-Gharb,Farmhouse,,,,4,,,,,1800
False,Dhalia,P000238350,San Gwann,Flats,,,,2,,,,,1500
False,Dhalia,P000238349,Gozo Xaghra,Terraced House,,,,3,,,,,900
False,Dhalia,P000238346,Lija,Maisonette,,,,2,,,,,1250
False,Dhalia,P000238344,Balzan,Maisonette,,,,3,,,,,1600
False,Dhalia,P000238343,Mellieha,Flats,,,,2,,,,,850
False,Dhalia,P000238341,Gzira,Penthouse,,,,2,,,,,1300
False,Dhalia,P000238339,Pieta,Flats,,,,3,,,,,1500
False,Dhalia,P000238329,Gozo Xaghra,Gr Floor Maisonette,,,,3,,,,,2500
False,Dhalia,P000238327,Gozo Ir-Rabat,Flats,,,,3,,,,,700
False,Dhalia,P000238324,Marsascala,Penthouse,,,,2,,,,,2000
False,Dhalia,P000238318,Marsascala,Penthouse,,,,1,,,,,1500
False,Dhalia,P000238311,Valletta,Shop,,,,,,,,,9125
False,Dhalia,P000238309,Sliema,Flats,,,,3,,,,,2000
False,Dhalia,P000238281,Gozo Marsalforn,Flats,,,,3,,,,,800
False,Dhalia,P000238280,Gozo Marsalforn,Flats,,,,3,,,,,550
False,Dhalia,P000238279,Gozo Marsalforn,Flats,,,,1,,,,,500
False,Dhalia,P000238277,Luqa,Flats,,,,2,,,,,900
False,Dhalia,P000238276,Gozo Il-Qala,Flats,,,,3,,,,,750
False,Dhalia,P000238270,Sliema,Penthouse,,,,1,,,,,1500
False,Dhalia,P000238250,Mdina,Townhouse,,,,2,,,,,3900
False,Dhalia,P000238249,Sliema,Flats,,,,2,,,,,1800
False,Dhalia,P000238242,Mellieha,Flats,,,,2,,,,,1400
False,Dhalia,P000238232,Msida,Office,,,,,,,,,6781
False,Dhalia,P000238218,Gozo Xaghra,Flats,,,,2,,,,,575
False,Dhalia,P000238202,Fgura,Garage,,,,,,,,,35
False,Dhalia,P000238148,Gozo Sannat,Gr Floor Maisonette,,,,3,,,,,1100
False,Dhalia,P000238146,Marsascala,Office,,,,,,,,,360
False,Dhalia,P000238136,Gozo In-Nadur,Penthouse,,,,3,,,,,1400
False,Dhalia,P000238134,Gozo In-Nadur,Flats,,,,2,,,,,800
False,Dhalia,P000238132,Gozo Ghajnsielem,Flats,,,,2,,,,,550
False,Dhalia,P000238129,Gozo In-Nadur,Flats,,,,2,,,,,700
False,Dhalia,P000238110,Gozo Ir-Rabat,Flats,,,,3,,,,,1000
False,Dhalia,P000238105,Paola,Shop,,,,,,,,,2281
False,Dhalia,P000238102,Sliema,Flats,,,,3,,,,,1700
False,Dhalia,P000238056,Madliena,Flats,,,,3,,,,,2500
False,Dhalia,P000238054,Sliema,Flats,,,,3,,,,,1600
False,Dhalia,P000238053,Gzira,Penthouse,,,,3,,,,,2200
False,Dhalia,P000238033,Gozo In-Nadur,Penthouse,,,,1,,,,,500
False,Dhalia,P000238032,Mosta,Shop,,,,,,,,,650
False,Dhalia,P000238030,Gozo Kercem,Farmhouse,,,,3,,,,,2200
False,Dhalia,P000238029,St Julians,Penthouse,,,,3,,,,,P.O.R
False,Dhalia,P000238027,Gozo L-Ghasri,Farmhouse,,,,3,,,,,2000
False,Dhalia,P000238026,Gozo L-Ghasri,Farmhouse,,,,3,,,,,2000
False,Dhalia,P000238016,Mosta,House of Character,,,,5,,,,,1600
False,Dhalia,P000238015,Gozo L-Ghasri,Farmhouse,,,,4,,,,,2000
False,Dhalia,P000238014,Gozo Il-Qala,Flats,,,,2,,,,,550
False,Dhalia,P000237986,Birkirkara,Flats,,,,2,,,,,1200
False,Dhalia,P000237984,Birkirkara,Flats,,,,2,,,,,1200
False,Dhalia,P000237982,Birkirkara,Flats,,,,2,,,,,1200
False,Dhalia,P000237979,Gozo Xaghra,Farmhouse,,,,2,,,,,1000
False,Dhalia,P000237976,Gozo Marsalforn,Flats,,,,2,,,,,550
False,Dhalia,P000237974,Gozo Ghajnsielem,Maisonette,,,,3,,,,,850
False,Dhalia,P000237973,Gozo Marsalforn,Flats,,,,2,,,,,850
False,Dhalia,P000237967,Pieta,Flats,,,,2,,,,,1300
False,Dhalia,P000237965,Cospicua,Flats,,,,2,,,,,800
False,Dhalia,P000237963,Dingli,Maisonette,,,,3,,,,,1400
False,Dhalia,P000237961,Madliena,Flats,,,,2,,,,,900
False,Dhalia,P000237960,San Gwann,Flats,,,,3,,,,,500
False,Dhalia,P000237959,Valletta,Catering Establishm,,,,,,,,,2076
False,Dhalia,P000237950,Gozo Ix-Xewkija,Penthouse,,,,3,,,,,750
False,Dhalia,P000237949,Gozo Fontana,Flats,,,,3,,,,,900
False,Dhalia,P000237948,Sliema,Flats,,,,1,,,,,1500
False,Dhalia,P000237946,Sliema,Flats,,,,2,,,,,2000
False,Dhalia,P000237944,Gozo Ghajnsielem,Flats,,,,2,,,,,750
False,Dhalia,P000237942,Sliema,Flats,,,,2,,,,,1300
False,Dhalia,P000237941,Naxxar,Garage,,,,,,,,,100
False,Dhalia,P000237940,Gozo Iz-Zebbug,House of Character,,,,2,,,,,1000
False,Dhalia,P000237937,Naxxar,Duplex Penthouse,,,,1,,,,,1250
False,Dhalia,P000237936,Naxxar,Flats,,,,2,,,,,1200
False,Dhalia,P000237935,Naxxar,Flats,,,,2,,,,,1200
False,Dhalia,P000237932,Gozo Marsalforn,Flats,,,,3,,,,,750
False,Dhalia,P000237931,Naxxar,Maisonette,,,,1,,,,,900
False,Dhalia,P000237925,Pieta,Flats,,,,2,,,,,1600
False,Dhalia,P000237923,Kappara,Flats,,,,2,,,,,1350
False,Dhalia,P000237922,Sliema,Flats,,,,2,,,,,2750
False,Dhalia,P000237907,Sliema,Flats,,,,2,,,,,1400
False,Dhalia,P000237890,Gozo Iz-Zebbug,Flats,,,,1,,,,,500
False,Dhalia,P000237888,Gozo Iz-Zebbug,Flats,,,,2,,,,,650
False,Dhalia,P000237878,Gozo Xlendi,Flats,,,,2,,,,,500
False,Dhalia,P000237876,Gozo Ir-Rabat,Penthouse,,,,1,,,,,750
False,Dhalia,P000237875,Marsascala,Commercial,,,,,,,,,2129
False,Dhalia,P000237873,Gozo In-Nadur,Flats,,,,2,,,,,600
False,Dhalia,P000237871,Swieqi,Flats,,,,1,,,,,1250
False,Dhalia,P000237868,Gozo Ir-Rabat,Flats,,,,1,,,,,700
False,Dhalia,P000237865,San Gwann,Penthouse,,,,1,,,,,1300
False,Dhalia,P000237864,San Gwann,Penthouse,,,,1,,,,,1300
False,Dhalia,P000237863,San Gwann,Flats,,,,1,,,,,950
False,Dhalia,P000237862,San Gwann,Flats,,,,1,,,,,950
False,Dhalia,P000237861,San Gwann,Flats,,,,1,,,,,950
False,Dhalia,P000237860,San Gwann,Flats,,,,1,,,,,950
False,Dhalia,P000237859,Blata il-Bajda,Office,,,,,,,,,24000
False,Dhalia,P000237858,San Gwann,Flats,,,,2,,,,,1300
False,Dhalia,P000237857,San Gwann,Flats,,,,2,,,,,1300
False,Dhalia,P000237856,San Gwann,Flats,,,,2,,,,,1300
False,Dhalia,P000237855,San Gwann,Flats,,,,2,,,,,1300
False,Dhalia,P000237853,San Gwann,Flats,,,,2,,,,,1300
False,Dhalia,P000237830,Cospicua,Shop,,,,,,,,,1065
False,Dhalia,P000237826,Gozo In-Nadur,Flats,,,,3,,,,,800
False,Dhalia,P000237792,Qawra,Flats,,,,3,,,,,1500
False,Dhalia,P000237774,L-Iklin,Shop,,,,,,,,,500
False,Dhalia,P000237731,Valletta,Commercial,,,,,,,,,2738
False,Dhalia,P000237730,Sliema,Office,,,,,,,,,2800
False,Dhalia,P000237725,Dingli,Terraced House,,,,3,,,,,1600
False,Dhalia,P000237716,Sliema,Flats,,,,3,,,,,1800
False,Dhalia,P000237705,Marsascala,Commercial,,,,,,,,,913
False,Dhalia,P000237698,Swieqi,Garage,,,,,,,,,4.5
False,Dhalia,P000237695,Mellieha,Flats,,,,1,,,,,1400
False,Dhalia,P000237694,Mellieha,Flats,,,,1,,,,,1400
False,Dhalia,P000237693,Mellieha,Flats,,,,1,,,,,1400
False,Dhalia,P000237691,Fgura,Shop,,,,,,,,,456
False,Dhalia,P000237685,Safi,Penthouse,,,,3,,,,,1300
False,Dhalia,P000237635,Gozo Marsalforn,Flats,,,,2,,,,,650
False,Dhalia,P000237632,San Gwann,Flats,,,,2,,,,,1200
False,Dhalia,P000237623,Dingli,Maisonette,,,,3,,,,,1200
False,Dhalia,P000237596,Gozo Ir-Rabat,Flats,,,,3,,,,,800
False,Dhalia,P000237587,Gozo Iz-Zebbug,Penthouse,,,,2,,,,,1000
False,Dhalia,P000237585,Gozo Il-Qala,Flats,,,,3,,,,,1000
False,Dhalia,P000237557,Gzira,Flats,,,,1,,,,,1150
False,Dhalia,P000237548,Senglea,Townhouse,,,,2,,,,,1400
False,Dhalia,P000237546,Mqabba,Flats,,,,3,,,,,1000
False,Dhalia,P000237544,Birkirkara,Commercial,,,,,,,,,3042
False,Dhalia,P000237534,Gozo Marsalforn,Flats,,,,3,,,,,1000
False,Dhalia,P000237528,Sliema,Flats,,,,2,,,,,1800
False,Dhalia,P000237526,Gozo In-Nadur,Flats,,,,2,,,,,750
False,Dhalia,P000237525,Ta'L-ibrag,Gr Floor Maisonette,,,,1,,,,,1150
False,Dhalia,P000237514,Gozo Il-Qala,Flats,,,,3,,,,,700
False,Dhalia,P000237511,St Julians,Flats,,,,3,,,,,1800
False,Dhalia,P000237510,Kirkop,Penthouse,,,,2,,,,,1000
False,Dhalia,P000237509,Gozo San Lawrenz,Maisonette,,,,3,,,,,550
False,Dhalia,P000237499,Gozo In-Nadur,Farmhouse,,,,4,,,,,1600
False,Dhalia,P000237491,St Julians,Flats,,,,2,,,,,1650
False,Dhalia,P000237470,Gozo Marsalforn,Flats,,,,3,,,,,800
False,Dhalia,P000237469,Gozo Ghajnsielem,Flats,,,,2,,,,,800
False,Dhalia,P000237427,San Gwann,Flats,,,,2,,,,,1050
False,Dhalia,P000237415,Marsascala,Flats,,,,3,,,,,800
False,Dhalia,P000237408,Gozo Ir-Rabat,Flats,,,,3,,,,,P.O.R
False,Dhalia,P000237389,Msida,Flats,,,,3,,,,,1400
False,Dhalia,P000237388,Ta'Xbiex,Flats,,,,2,,,,,1150
False,Dhalia,P000237387,Ta'Xbiex,Flats,,,,2,,,,,1150
False,Dhalia,P000237386,Ta'Xbiex,Flats,,,,2,,,,,1300
False,Dhalia,P000237385,Ta'Xbiex,Flats,,,,2,,,,,1250
False,Dhalia,P000237384,Ta'Xbiex,Flats,,,,2,,,,,1250
False,Dhalia,P000237383,Ta'Xbiex,Flats,,,,2,,,,,1400
False,Dhalia,P000237382,Ta'Xbiex,Flats,,,,2,,,,,1150
False,Dhalia,P000237381,Ta'Xbiex,Flats,,,,2,,,,,1000
False,Dhalia,P000237380,Ta'Xbiex,Flats,,,,2,,,,,1000
False,Dhalia,P000237379,Ta'Xbiex,Flats,,,,2,,,,,1000
False,Dhalia,P000237378,Marsascala,Shop,,,,,,,,,4563
False,Dhalia,P000237377,Ta'Xbiex,Flats,,,,1,,,,,1400
False,Dhalia,P000237375,Ta'Xbiex,Flats,,,,2,,,,,1150
False,Dhalia,P000237374,Sliema,Flats,,,,3,,,,,1800
False,Dhalia,P000237369,Attard,Terraced House,,,,3,,,,,1900
False,Dhalia,P000237361,St Julians,Flats,,,,3,,,,,2000
False,Dhalia,P000237357,Mosta,Flats,,,,3,,,,,1300
False,Dhalia,P000237356,Mosta,Flats,,,,3,,,,,1300
False,Dhalia,P000237295,Gozo In-Nadur,House of Character,,,,2,,,,,900
False,Dhalia,P000237294,Gozo Marsalforn,Flats,,,,2,,,,,520
False,Dhalia,P000237293,Gozo L-Gharb,Flats,,,,3,,,,,850
False,Dhalia,P000237292,Gozo L-Ghasri,Duplex Apartment,,,,1,,,,,800
False,Dhalia,P000237291,Gozo Ghajnsielem,Flats,,,,3,,,,,850
False,Dhalia,P000237285,Rabat,Gr Floor Maisonette,,,,3,,,,,1500
False,Dhalia,P000237284,Sliema,Flats,,,,2,,,,,2800
False,Dhalia,P000237282,Sliema,Flats,,,,3,,,,,3800
False,Dhalia,P000237238,Wardija,Farmhouse,,,,4,,,,,6500
False,Dhalia,P000237226,St Paul's Bay,Flats,,,,2,,,,,900
False,Dhalia,P000237219,Gozo Ir-Rabat,House of Character,,,,3,,,,,900
False,Dhalia,P000237218,Gozo Marsalforn,Penthouse,,,,1,,,,,500
False,Dhalia,P000237209,Gozo In-Nadur,Maisonette,,,,3,,,,,1250
False,Dhalia,P000237208,Gozo In-Nadur,Flats,,,,3,,,,,650
False,Dhalia,P000237197,Bidnija,Maisonette,,,,2,,,,,1600
False,Dhalia,P000237188,Gozo Ir-Rabat,Flats,,,,2,,,,,750
False,Dhalia,P000237187,Gozo Marsalforn,Maisonette,,,,1,,,,,500
False,Dhalia,P000237184,Birkirkara,Penthouse,,,,2,,,,,1200
False,Dhalia,P000237154,Valletta,Shop,,,,,,,,,28333
False,Dhalia,P000237149,Sliema,Flats,,,,1,,,,,1000
False,Dhalia,P000237133,Sliema,Flats,,,,2,,,,,1100
False,Dhalia,P000237131,St Julians,Flats,,,,3,,,,,1800
False,Dhalia,P000237117,St Julians,Flats,,,,2,,,,,1800
False,Dhalia,P000237105,Mosta,Warehouse,,,,,,,,,4000
False,Dhalia,P000237101,Attard,Flats,,,,2,,,,,1800
False,Dhalia,P000237088,Kappara,Flats,,,,2,,,,,1500
False,Dhalia,P000237086,Ta'L-ibrag,Semi-Detached Villa,,,,3,,,,,2300
False,Dhalia,P000237049,Pembroke,Semi-Detached Villa,,,,5,,,,,2000
False,Dhalia,P000237045,Gozo Marsalforn,Flats,,,,2,,,,,700
False,Dhalia,P000237043,Gozo Iz-Zebbug,Farmhouse,,,,3,,,,,900
False,Dhalia,P000237041,Gozo Kercem,Farmhouse,,,,3,,,,,1500
False,Dhalia,P000237037,Gozo Il-Munxar,1st Floor Maisonette,,,,3,,,,,875
False,Dhalia,P000237036,Paola,Shop,,,,,,,,,913
False,Dhalia,P000237034,St Julians,Flats,,,,1,,,,,1100
False,Dhalia,P000237033,St Julians,Flats,,,,1,,,,,1100
False,Dhalia,P000237004,San Gwann,Flats,,,,3,,,,,1200
False,Dhalia,P000237003,San Gwann,Flats,,,,3,,,,,1200
False,Dhalia,P000236991,Zebbug,Penthouse,,,,2,,,,,1300
False,Dhalia,P000236988,Birkirkara,Commercial,,,,,,,,,2083
False,Dhalia,P000236986,Marsascala,Maisonette,,,,2,,,,,950
False,Dhalia,P000236982,Mosta,Block of Flats,,,,3,,,,,9600
False,Dhalia,P000236979,Gozo Xlendi,Flats,,,,2,,,,,1000
False,Dhalia,P000236978,Gozo Xaghra,Flats,,,,3,,,,,650
False,Dhalia,P000236976,Gozo In-Nadur,Flats,,,,3,,,,,850
False,Dhalia,P000236975,Gozo Xaghra,Farmhouse,,,,3,,,,,1500
False,Dhalia,P000236970,Gzira,Flats,,,,1,,,,,1100
False,Dhalia,P000236941,Kirkop,Shop,,,,,,,,,243
False,Dhalia,P000236937,Gozo Sannat,Flats,,,,3,,,,,700
False,Dhalia,P000236936,Gozo Sannat,Flats,,,,3,,,,,700
False,Dhalia,P000236933,Gozo Xaghra,Flats,,,,2,,,,,1000
False,Dhalia,P000236930,St Julians,Penthouse,,,,2,,,,,2650
False,Dhalia,P000236929,Gozo Xaghra,Flats,,,,3,,,,,850
False,Dhalia,P000236928,St Julians,Flats,,,,2,,,,,1600
False,Dhalia,P000236927,Gozo Marsalforn,Flats,,,,3,,,,,650
False,Dhalia,P000236926,Gozo Xlendi,Penthouse,,,,2,,,,,600
False,Dhalia,P000236925,Gozo Ghajnsielem,Flats,,,,2,,,,,800
False,Dhalia,P000236924,Gozo Ghajnsielem,Penthouse,,,,1,,,,,900
False,Dhalia,P000236859,Marsascala,Flats,,,,2,,,,,950
False,Dhalia,P000236818,Vittoriosa,Shop,,,,,,,,,1700
False,Dhalia,P000236817,Birkirkara,Office,,,,,,,,,43000
False,Dhalia,P000236815,Cospicua,Townhouse,,,,3,,,,,1500
False,Dhalia,P000236798,Zebbug,Flats,,,,2,,,,,1000
False,Dhalia,P000236784,Kappara,Flats,,,,3,,,,,1300
False,Dhalia,P000236782,Pieta,Flats,,,,2,,,,,1200
False,Dhalia,P000236772,Gozo Iz-Zebbug,Farmhouse,,,,3,,,,,2500
False,Dhalia,P000236768,Gozo Xlendi,Maisonette,,,,2,,,,,600
False,Dhalia,P000236766,Gozo In-Nadur,Flats,,,,3,,,,,650
False,Dhalia,P000236760,Sliema,Flats,,,,2,,,,,2300
False,Dhalia,P000236755,Marsascala,Flats,,,,2,,,,,750
False,Dhalia,P000236731,Gozo Marsalforn,Flats,,,,2,,,,,650
False,Dhalia,P000236730,Gozo Sannat,Penthouse,,,,3,,,,,800
False,Dhalia,P000236711,Marsascala,Flats,,,,3,,,,,1100
False,Dhalia,P000236707,Qawra,Flats,,,,2,,,,,1050
False,Dhalia,P000236705,Gozo Iz-Zebbug,Maisonette,,,,1,,,,,800
False,Dhalia,P000236687,Sliema,Penthouse,,,,2,,,,,4200
False,Dhalia,P000236662,Gozo Xaghra,Penthouse,,,,2,,,,,900
False,Dhalia,P000236647,Rabat,Shop,,,,,,,,,1065
False,Dhalia,P000236645,Valletta,Duplex Penthouse,,,,2,,,,,4000
False,Dhalia,P000236644,St Julians,Duplex Penthouse,,,,2,,,,,1600
False,Dhalia,P000236642,Gozo Marsalforn,Penthouse,,,,1,,,,,600
False,Dhalia,P000236640,Gozo Ghajnsielem,Flats,,,,2,,,,,900
False,Dhalia,P000236635,Gozo In-Nadur,Maisonette,,,,3,,,,,700
False,Dhalia,P000236626,Gzira,Flats,,,,1,,,,,1050
False,Dhalia,P000236620,San Gwann,Penthouse,,,,1,,,,,1200
False,Dhalia,P000236617,Mgarr,House of Character,,,,3,,,,,1200
False,Dhalia,P000236616,San Gwann,Flats,,,,2,,,,,1200
False,Dhalia,P000236611,Lija,Maisonette,,,,3,,,,,1100
False,Dhalia,P000236610,Manikata,Penthouse,,,,2,,,,,3000
False,Dhalia,P000236605,Gozo Iz-Zebbug,Flats,,,,3,,,,,1600
False,Dhalia,P000236604,Gozo L-Gharb,House of Character,,,,3,,,,,1000
False,Dhalia,P000236603,Siggiewi,House of Character,,,,2,,,,,1300
False,Dhalia,P000236583,Bahar ic-Caghaq,Flats,,,,2,,,,,1250
False,Dhalia,P000236580,Gozo Xlendi,Flats,,,,2,,,,,550
False,Dhalia,P000236558,Sliema,Flats,,,,2,,,,,2000
False,Dhalia,P000236495,Attard,Penthouse,,,,2,,,,,1350
False,Dhalia,P000236464,Gozo Sannat,Farmhouse,,,,4,,,,,1200
False,Dhalia,P000236463,Swieqi,Flats,,,,1,,,,,1200
False,Dhalia,P000236460,Sliema,Office,,,,,,,,,90640
False,Dhalia,P000236459,St Julians,Townhouse,,,,4,,,,,2500
False,Dhalia,P000236452,Pembroke,Flats,,,,3,,,,,2000
False,Dhalia,P000236450,Vittoriosa,Office,,,,,,,,,8000
False,Dhalia,P000236449,Zebbug,Flats,,,,3,,,,,1300
False,Dhalia,P000236431,Attard,Gr Floor Maisonette,,,,3,,,,,1600
False,Dhalia,P000236425,Marsascala,Flats,,,,2,,,,,1300
False,Dhalia,P000236407,Gozo Marsalforn,Flats,,,,3,,,,,1300
False,Dhalia,P000236399,Mosta,Office,,,,,,,,,15750
False,Dhalia,P000236398,Attard,Flats,,,,2,,,,,950
False,Dhalia,P000236396,Msida,Penthouse,,,,1,,,,,1100
False,Dhalia,P000236384,Gozo Marsalforn,Flats,,,,2,,,,,550
False,Dhalia,P000236368,Buskett,Semi-Detached Villa,,,,4,,,,,1600
False,Dhalia,P000236367,Gozo Marsalforn,Flats,,,,3,,,,,500
False,Dhalia,P000236366,Gozo Marsalforn,Flats,,,,3,,,,,850
False,Dhalia,P000236364,Gozo Ir-Rabat,Flats,,,,2,,,,,650
False,Dhalia,P000236363,Gozo Ir-Rabat,Flats,,,,3,,,,,1000
False,Dhalia,P000236352,Birkirkara,Penthouse,,,,2,,,,,1200
False,Dhalia,P000236351,Gozo Xaghra,Flats,,,,1,,,,,750
False,Dhalia,P000236349,Qrendi,Gr Floor Maisonette,,,,3,,,,,850
False,Dhalia,P000236339,Sliema,Flats,,,,2,,,,,2000
False,Dhalia,P000236338,Msida,Flats,,,,2,,,,,1100
False,Dhalia,P000236310,Gharghur,Penthouse,,,,2,,,,,2750
False,Dhalia,P000236307,Gozo Il-Qala,Flats,,,,2,,,,,600
False,Dhalia,P000236306,Gozo Marsalforn,Flats,,,,2,,,,,650
False,Dhalia,P000236305,Gharghur,Penthouse,,,,2,,,,,1100
False,Dhalia,P000236304,Gharghur,Flats,,,,3,,,,,1100
False,Dhalia,P000236286,Sliema,Flats,,,,3,,,,,2500
False,Dhalia,P000236282,Swieqi,Flats,,,,3,,,,,2000
False,Dhalia,P000236279,St Julians,Flats,,,,1,,,,,1580
False,Dhalia,P000236274,Gozo Ir-Rabat,Office,,,,,,,,,550
False,Dhalia,P000236273,Qawra,Flats,,,,2,,,,,850
False,Dhalia,P000236270,Gozo Ghajnsielem,Flats,,,,3,,,,,550
False,Dhalia,P000236268,Sliema,Townhouse,,,,3,,,,,2950
False,Dhalia,P000236267,Attard,Flats,,,,3,,,,,1500
False,Dhalia,P000236265,Gozo Il-Qala,Flats,,,,2,,,,,750
False,Dhalia,P000236264,Gozo Marsalforn,Gr Floor Maisonette,,,,2,,,,,650
False,Dhalia,P000236236,Gozo Ix-Xewkija,Flats,,,,3,,,,,750
False,Dhalia,P000236231,Xghajra,Flats,,,,3,,,,,850
False,Dhalia,P000236228,Birkirkara,Flats,,,,2,,,,,900
False,Dhalia,P000236227,Zebbug,Office,,,,,,,,,25
False,Dhalia,P000236226,San Gwann,Flats,,,,3,,,,,1400
False,Dhalia,P000236225,Sliema,Gr Floor Maisonette,,,,2,,,,,1800
False,Dhalia,P000236224,Gozo Ir-Rabat,Penthouse,,,,2,,,,,700
False,Dhalia,P000236220,Xemxija,Maisonette,,,,2,,,,,1400
False,Dhalia,P000236211,Gozo Marsalforn,Flats,,,,2,,,,,750
False,Dhalia,P000236210,Gozo Ghajnsielem,Flats,,,,2,,,,,600
False,Dhalia,P000236197,Rabat,Catering Establishm,,,,,,,,,5417
False,Dhalia,P000236193,Birkirkara,Maisonette,,,,2,,,,,1250
False,Dhalia,P000236192,Qormi,Commercial,,,,1,,,,,15000
False,Dhalia,P000236191,Zurrieq,Gr Floor Maisonette,,,,3,,,,,1000
False,Dhalia,P000236161,Attard,Terraced House,,,,3,,,,,2300
False,Dhalia,P000236159,Qormi,Warehouse,,,,,,,,,4715
False,Dhalia,P000236155,Dingli,Duplex Maisonette,,,,3,,,,,1300
False,Dhalia,P000236154,Attard,Penthouse,,,,2,,,,,1000
False,Dhalia,P000236153,San Pawl Tat-Targa,Gr Floor Maisonette,,,,3,,,,,1050
False,Dhalia,P000236150,Siggiewi,Flats,,,,2,,,,,800
False,Dhalia,P000236147,Marsascala,Flats,,,,2,,,,,800
False,Dhalia,P000236143,Dingli,Penthouse,,,,1,,,,,700
False,Dhalia,P000236135,Sliema,Penthouse,,,,1,,,,,1400
False,Dhalia,P000236131,Sliema,Flats,,,,2,,,,,1400
False,Dhalia,P000236129,Sliema,Flats,,,,2,,,,,1400
False,Dhalia,P000236126,Qormi,Shop - Office,,,,,,,,,40
False,Dhalia,P000236123,Naxxar,Commercial - Catering,,,,,,,,,1977
False,Dhalia,P000236117,Gozo Ghajnsielem,Flats,,,,2,,,,,750
False,Dhalia,P000236116,Gozo Ghajnsielem,Penthouse,,,,2,,,,,700
False,Dhalia,P000236115,Gozo Il-Qala,Flats,,,,2,,,,,700
False,Dhalia,P000236109,Marsascala,Flats,,,,3,,,,,1700
False,Dhalia,P000236107,Sliema,Townhouse,,,,2,,,,,1500
False,Dhalia,P000236106,Marsascala,Flats,,,,2,,,,,1000
False,Dhalia,P000236102,Gzira,Office,,,,,,,,,1400
False,Dhalia,P000236096,Birkirkara,Penthouse,,,,2,,,,,1100
False,Dhalia,P000236091,Sliema,Flats,,,,3,,,,,1500
False,Dhalia,P000236074,St Julians,Flats,,,,2,,,,,2200
False,Dhalia,P000236073,St Julians,Flats,,,,2,,,,,1500
False,Dhalia,P000236072,St Julians,Flats,,,,2,,,,,1500
False,Dhalia,P000236071,St Julians,Flats,,,,2,,,,,1500
False,Dhalia,P000236070,St Julians,Flats,,,,2,,,,,1500
False,Dhalia,P000236064,Valletta,Office,,,,,,,,,900
False,Dhalia,P000236053,San Gwann,Office,,,,,,,,,2000
False,Dhalia,P000236052,Attard,Flats,,,,3,,,,,1000
False,Dhalia,P000236047,Sliema,Office,,,,,,,,,42000
False,Dhalia,P000236043,Gozo Ir-Rabat,Office,,,,,,,,,550
False,Dhalia,P000236040,Mellieha,Flats,,,,3,,,,,1200
False,Dhalia,P000236036,Bugibba,Flats,,,,2,,,,,800
False,Dhalia,P000236035,Gzira,Flats,,,,1,,,,,1050
False,Dhalia,P000236034,Msida,Shop,,,,,,,,,2129
False,Dhalia,P000236033,Paceville,Guest House - Hotel,,,,,,,,,31299
False,Dhalia,P000236020,Marsascala,Flats,,,,3,,,,,1200
False,Dhalia,P000236013,St Julians,Penthouse,,,,2,,,,,4000
False,Dhalia,P000236003,Gozo Kercem,Penthouse,,,,2,,,,,800
False,Dhalia,P000236002,Gozo Kercem,Flats,,,,3,,,,,750
False,Dhalia,P000236000,Gozo In-Nadur,Flats,,,,2,,,,,550
False,Dhalia,P000235999,Paola,Gr Floor Maisonette,,,,2,,,,,1200
False,Dhalia,P000235998,Sliema,Penthouse,,,,3,,,,,6000
False,Dhalia,P000235997,Gozo Ir-Rabat,Flats,,,,3,,,,,800
False,Dhalia,P000235996,Gozo In-Nadur,House of Character,,,,3,,,,,900
False,Dhalia,P000235979,Cospicua,Shop,,,,,,,,,800
False,Dhalia,P000235962,Mriehel,Business Centre,,,,,,,,,16667
False,Dhalia,P000235961,Mriehel,Business Centre,,,,,,,,,16667
False,Dhalia,P000235955,St Julians,Flats,,,,2,,,,,2200
False,Dhalia,P000235954,Mriehel,Business Centre,,,,,,,,,116667
False,Dhalia,P000235953,Swieqi,Flats,,,,2,,,,,1200
False,Dhalia,P000235952,Sliema,Townhouse,,,,4,,,,,3500
False,Dhalia,P000235946,Marsascala,Gr Floor Maisonette,,,,3,,,,,1500
False,Dhalia,P000235945,Gzira,Penthouse,,,,2,,,,,1200
False,Dhalia,P000235942,Wardija,Duplex Apartment,,,,2,,,,,1200
False,Dhalia,P000235941,Qormi,Showroom,,,,,,,,,1667
False,Dhalia,P000235937,Gozo In-Nadur,House of Character,,,,2,,,,,750
False,Dhalia,P000235935,Marsascala,Flats,,,,2,,,,,1000
False,Dhalia,P000235934,Gozo Fontana,Flats,,,,3,,,,,600
False,Dhalia,P000235929,Vittoriosa,Catering Establishm,,,,,,,,,490
False,Dhalia,P000235928,Swieqi,Penthouse,,,,2,,,,,2000
False,Dhalia,P000235924,Paola,Shop,,,,,,,,,1770
False,Dhalia,P000235923,Gozo Il-Qala,Flats,,,,2,,,,,700
False,Dhalia,P000235905,Madliena,Flats,,,,3,,,,,3500
False,Dhalia,P000235889,Mosta,Commercial,,,,,,,,,6667
False,Dhalia,P000235882,Birzebbuga,Solitary Maisonette,,,,3,,,,,1000
False,Dhalia,P000235872,Bugibba,Commercial - Catering,,,,,,,,,2433
False,Dhalia,P000235867,Ghaxaq,Office,,,,,,,,,22
False,Dhalia,P000235865,San Pawl Tat-Targa,Flats,,,,3,,,,,1000
False,Dhalia,P000235861,Gozo Il-Qala,Flats,,,,3,,,,,800
False,Dhalia,P000235858,Gozo Ir-Rabat,Flats,,,,2,,,,,750
False,Dhalia,P000235849,St Julians,Penthouse,,,,1,,,,,1500
False,Dhalia,P000235848,St Julians,Flats,,,,2,,,,,1500
False,Dhalia,P000235847,St Julians,Flats,,,,2,,,,,1500
False,Dhalia,P000235846,St Julians,Flats,,,,2,,,,,1500
False,Dhalia,P000235845,St Julians,Maisonette,,,,2,,,,,1500
False,Dhalia,P000235844,Madliena,Maisonette,,,,3,,,,,1800
False,Dhalia,P000235843,Gharghur,Flats,,,,3,,,,,1500
False,Dhalia,P000235837,Floriana,Flats,,,,1,,,,,750
False,Dhalia,P000235836,Mosta,Flats,,,,2,,,,,1100
False,Dhalia,P000235831,Gozo Kercem,Farmhouse,,,,3,,,,,1300
False,Dhalia,P000235820,Swieqi,Flats,,,,2,,,,,1200
False,Dhalia,P000235819,Luqa,Gr Floor Maisonette,,,,2,,,,,1000
False,Dhalia,P000235817,Gozo Iz-Zebbug,Flats,,,,1,,,,,500
False,Dhalia,P000235814,Gzira,Flats,,,,1,,,,,57
False,Dhalia,P000235810,Qormi,Commercial - Catering,,,,,,,,,608
False,Dhalia,P000235807,Gharghur,Penthouse,,,,2,,,,,1800
False,Dhalia,P000235801,Cospicua,Townhouse,,,,1,,,,,950
False,Dhalia,P000235789,Gozo Ir-Rabat,Flats,,,,3,,,,,800
False,Dhalia,P000235787,Gozo Marsalforn,Flats,,,,2,,,,,800
False,Dhalia,P000235786,Gozo Marsalforn,Flats,,,,3,,,,,800
False,Dhalia,P000235783,Gozo Ghajnsielem,Maisonette,,,,3,,,,,1500
False,Dhalia,P000235779,Gozo Marsalforn,Flats,,,,2,,,,,890
False,Dhalia,P000235775,Gozo Marsalforn,Flats,,,,2,,,,,550
False,Dhalia,P000235774,Gozo Xaghra,Flats,,,,2,,,,,800
False,Dhalia,P000235769,Gozo In-Nadur,Flats,,,,2,,,,,550
False,Dhalia,P000235763,Rabat,Flats,,,,2,,,,,800
False,Dhalia,P000235762,Birkirkara,Flats,,,,2,,,,,1250
False,Dhalia,P000235761,Madliena,Flats,,,,3,,,,,1350
False,Dhalia,P000235760,Mqabba,Penthouse,,,,2,,,,,850
False,Dhalia,P000235747,L-Iklin,Flats,,,,3,,,,,1200
False,Dhalia,P000235746,L-Iklin,Flats,,,,3,,,,,1200
False,Dhalia,P000235745,Kirkop,Flats,,,,2,,,,,950
False,Dhalia,P000235744,Mosta,Detached Villa,,,,3,,,,,4200
False,Dhalia,P000235741,St Julians,Flats,,,,3,,,,,2500
False,Dhalia,P000235739,St Julians,Flats,,,,3,,,,,2500
False,Dhalia,P000235737,St Julians,Flats,,,,3,,,,,2600
False,Dhalia,P000235735,St Julians,Flats,,,,3,,,,,2600
False,Dhalia,P000235733,St Julians,Penthouse,,,,2,,,,,3400
False,Dhalia,P000235731,St Julians,Penthouse,,,,2,,,,,3300
False,Dhalia,P000235714,Gharghur,Office,,,,,,,,,625
False,Dhalia,P000235688,Gozo Marsalforn,Flats,,,,2,,,,,500
False,Dhalia,P000235662,Mosta,Townhouse,,,,2,,,,,1100
False,Dhalia,P000235659,Marsa,Commercial,,,,,,,,,2200
False,Dhalia,P000235653,Gozo Il-Qala,Penthouse,,,,2,,,,,1200
False,Dhalia,P000235651,Gozo Marsalforn,Flats,,,,3,,,,,800
False,Dhalia,P000235649,Gozo Il-Qala,Farmhouse,,,,3,,,,,950
False,Dhalia,P000235648,Gozo Ix-Xewkija,Flats,,,,3,,,,,750
False,Dhalia,P000235647,Sliema,Flats,,,,3,,,,,1500
False,Dhalia,P000235644,Xghajra,1st Floor Maisonette,,,,3,,,,,950
False,Dhalia,P000235634,Sliema,Penthouse,,,,3,,,,,3000
False,Dhalia,P000235631,Dingli,Flats,,,,3,,,,,1200
False,Dhalia,P000235628,Wardija,Terraced House,,,,3,,,,,1800
False,Dhalia,P000235627,Rabat,Flats,,,,3,,,,,850
False,Dhalia,P000235600,Zurrieq,Flats,,,,1,,,,,850
False,Dhalia,P000235579,Hamrun,Warehouse,,,,,,,,,1100
False,Dhalia,P000235576,Luqa,Shop - Office,,,,,,,,,35
False,Dhalia,P000235534,Fleur de Lys,Garage,,,,,,,,,1200
False,Dhalia,P000235514,Marsascala,Flats,,,,3,,,,,1000
False,Dhalia,P000235483,Gozo Ir-Rabat,Farmhouse,,,,3,,,,,1300
False,Dhalia,P000235482,Bugibba,Gr Floor Maisonette,,,,2,,,,,800
False,Dhalia,P000235481,Gozo Ir-Rabat,House of Character,,,,3,,,,,1000
False,Dhalia,P000235480,Naxxar,Commercial,,,,,,,,,1000
False,Dhalia,P000235478,Gozo Kercem,Flats,,,,3,,,,,800
False,Dhalia,P000235476,Zejtun,Flats,,,,3,,,,,1000
False,Dhalia,P000235475,Gozo Ir-Rabat,Penthouse,,,,2,,,,,700
False,Dhalia,P000235474,Gozo Xlendi,Flats,,,,2,,,,,700
False,Dhalia,P000235473,Msida,Block of Flats,,,,1,,,,,11700
False,Dhalia,P000235472,Gozo Xaghra,Flats,,,,3,,,,,650
False,Dhalia,P000235465,Msida,Warehouse,,,,,,,,,3750
False,Dhalia,P000235464,Gzira,Shop - Office,,,,,,,,,7290
False,Dhalia,P000235463,Qormi,Shop - Office,,,,,,,,,13
False,Dhalia,P000235457,Gozo Ghajnsielem,Flats,,,,2,,,,,600
False,Dhalia,P000235456,Fgura,Warehouse,,,,,,,,,1825
False,Dhalia,P000235455,Hamrun,Shop,,,,,,,,,1825
False,Dhalia,P000235453,Gozo Il-Qala,Flats,,,,2,,,,,550
False,Dhalia,P000235452,Gozo In-Nadur,Flats,,,,3,,,,,900
False,Dhalia,P000235451,Gozo Iz-Zebbug,Flats,,,,3,,,,,675
False,Dhalia,P000235450,Gozo In-Nadur,Flats,,,,3,,,,,750
False,Dhalia,P000235442,San Gwann,Flats,,,,2,,,,,1000
False,Dhalia,P000235441,San Gwann,Flats,,,,2,,,,,1000
False,Dhalia,P000235440,San Gwann,Flats,,,,2,,,,,1000
False,Dhalia,P000235439,San Gwann,Flats,,,,2,,,,,1000
False,Dhalia,P000235438,Qormi,Office,,,,,,,,,100000
False,Dhalia,P000235437,Zurrieq,Commercial,,,,,,,,,1612
False,Dhalia,P000235434,Pieta,Flats,,,,2,,,,,1000
False,Dhalia,P000235433,San Gwann,Office,,,,,,,,,3200
False,Dhalia,P000235430,Gozo In-Nadur,Maisonette,,,,3,,,,,800
False,Dhalia,P000235429,Pieta,Flats,,,,3,,,,,2200
False,Dhalia,P000235428,Gozo Il-Qala,Flats,,,,3,,,,,750
False,Dhalia,P000235424,Gozo Il-Qala,Farmhouse,,,,3,,,,,1400
False,Dhalia,P000235419,Msida,Flats,,,,3,,,,,1400
False,Dhalia,P000235406,Ta'Xbiex,Flats,,,,3,,,,,2000
False,Dhalia,P000235403,Gzira,Shop - Office,,,,,,,,,45
False,Dhalia,P000235401,Fgura,1st Floor Maisonette,,,,2,,,,,1100
False,Dhalia,P000235399,St Julians,Flats,,,,2,,,,,1750
False,Dhalia,P000235398,Kalkara,Maisonette,,,,2,,,,,900
False,Dhalia,P000235397,Hamrun,Shop,,,,,,,,,750
False,Dhalia,P000235386,Fgura,Shop,,,,,,,,,608.33
False,Dhalia,P000235384,Fgura,Shop,,,,,,,,,1003.75
False,Dhalia,P000235381,Mellieha,Flats,,,,2,,,,,1100
False,Dhalia,P000235379,Mellieha,Flats,,,,2,,,,,1100
False,Dhalia,P000235377,Santa Venera,Shop,,,,,,,,,760
False,Dhalia,P000235374,Gharghur,Townhouse,,,,3,,,,,1300
False,Dhalia,P000235372,Gozo Marsalforn,Flats,,,,3,,,,,750
False,Dhalia,P000235369,Gozo Xaghra,Flats,,,,1,,,,,450
False,Dhalia,P000235367,Gozo Ir-Rabat,Flats,,,,2,,,,,750
False,Dhalia,P000235366,Fgura,Shop,,,,,,,,,456
False,Dhalia,P000235365,Gozo Il-Qala,Flats,,,,3,,,,,550
False,Dhalia,P000235363,Gozo Ir-Rabat,Flats,,,,3,,,,,800
False,Dhalia,P000235355,Gozo Sannat,Penthouse,,,,3,,,,,800
False,Dhalia,P000235345,Gharghur,Penthouse,,,,3,,,,,4500
False,Dhalia,P000235332,Manikata,Maisonette,,,,3,,,,,1000
False,Dhalia,P000235331,Cospicua,House of Character,,,,3,,,,,1450
False,Dhalia,P000235328,Sliema,Flats,,,,3,,,,,1500
False,Dhalia,P000235327,Cospicua,Flats,,,,2,,,,,1000
False,Dhalia,P000235318,Pieta,Flats,,,,1,,,,,750
False,Dhalia,P000235316,Pieta,Flats,,,,1,,,,,750
False,Dhalia,P000235315,Birzebbuga,Flats,,,,2,,,,,800
False,Dhalia,P000235314,Hamrun,Commercial - Catering,,,,,,,,,3042
False,Dhalia,P000235299,Mosta,Flats,,,,3,,,,,1500
False,Dhalia,P000235290,Birzebbuga,Flats,,,,3,,,,,750
False,Dhalia,P000235288,Swieqi,Gr Floor Maisonette,,,,2,,,,,1000
False,Dhalia,P000235277,Sliema,Flats,,,,3,,,,,3000
False,Dhalia,P000235260,St Paul's Bay,Flats,,,,3,,,,,1600
False,Dhalia,P000235256,Floriana,Catering Establishm,,,,,,,,,3333
False,Dhalia,P000235255,Ta'L-ibrag,Office,,,,,,,,,50000
False,Dhalia,P000235253,Floriana,Guest House - Hotel,,,,15,,,,,13000
False,Dhalia,P000235247,Marsascala,Penthouse,,,,2,,,,,900
False,Dhalia,P000235245,Bugibba,Gr Floor Maisonette,,,,2,,,,,800
False,Dhalia,P000235235,Gozo Ix-Xewkija,Flats,,,,3,,,,,650
False,Dhalia,P000235233,Gozo Marsalforn,Flats,,,,3,,,,,900
False,Dhalia,P000235232,Gozo Ir-Rabat,Flats,,,,3,,,,,850
False,Dhalia,P000235222,Ta'L-ibrag,Flats,,,,2,,,,,1500
False,Dhalia,P000235219,Gozo San Lawrenz,1st Floor Maisonette,,,,3,,,,,800
False,Dhalia,P000235216,Gozo Fontana,Duplex Maisonette,,,,3,,,,,1500
False,Dhalia,P000235212,Sliema,Flats,,,,3,,,,,1680
False,Dhalia,P000235195,Gozo Marsalforn,Penthouse,,,,3,,,,,1100
False,Dhalia,P000235190,Gozo Iz-Zebbug,Flats,,,,2,,,,,500
False,Dhalia,P000235185,Luqa,Townhouse,,,,3,,,,,1750
False,Dhalia,P000235167,Gozo Ir-Rabat,Townhouse,,,,2,,,,,600
False,Dhalia,P000235164,Gozo Xaghra,Flats,,,,2,,,,,550
False,Dhalia,P000235159,Bahar ic-Caghaq,Flats,,,,3,,,,,1800
False,Dhalia,P000235158,Bahar ic-Caghaq,Flats,,,,3,,,,,1800
False,Dhalia,P000235157,Bahar ic-Caghaq,Flats,,,,3,,,,,1800
False,Dhalia,P000235156,Bahar ic-Caghaq,Flats,,,,3,,,,,1800
False,Dhalia,P000235155,Bahar ic-Caghaq,Flats,,,,3,,,,,1800
False,Dhalia,P000235154,Bahar ic-Caghaq,Flats,,,,3,,,,,1800
False,Dhalia,P000235153,Bahar ic-Caghaq,Penthouse,,,,3,,,,,2000
False,Dhalia,P000235152,Bahar ic-Caghaq,Penthouse,,,,3,,,,,2000
False,Dhalia,P000235151,Bahar ic-Caghaq,Maisonette,,,,3,,,,,1800
False,Dhalia,P000235150,Bahar ic-Caghaq,Maisonette,,,,3,,,,,1800
False,Dhalia,P000235149,Dingli,Terraced House,,,,3,,,,,2300
False,Dhalia,P000235148,Naxxar,Townhouse,,,,2,,,,,800
False,Dhalia,P000235144,Lija,Flats,,,,,,,,,1300
False,Dhalia,P000235137,St Julians,Business Centre,,,,,,,,,4083
False,Dhalia,P000235136,Birkirkara,Townhouse,,,,2,,,,,650
False,Dhalia,P000235134,St Julians,Flats,,,,1,,,,,2060
False,Dhalia,P000235133,St Julians,Flats,,,,2,,,,,2200
False,Dhalia,P000235099,San Gwann,Flats,,,,1,,,,,900
False,Dhalia,P000235095,St Paul's Bay,Flats,,,,2,,,,,700
False,Dhalia,P000235094,St Julians,Flats,,,,2,,,,,1600
False,Dhalia,P000235079,Kalkara,Flats,,,,3,,,,,1200
False,Dhalia,P000235065,Valletta,Flats,,,,3,,,,,1600
False,Dhalia,P000235012,Gozo Kercem,House of Character,,,,3,,,,,2200
False,Dhalia,P000235005,Gozo Ix-Xewkija,Townhouse,,,,3,,,,,950
False,Dhalia,P000235003,Santa Venera,Flats,,,,1,,,,,600
False,Dhalia,P000235002,Santa Venera,Flats,,,,3,,,,,1650
False,Dhalia,P000235001,Gozo In-Nadur,Flats,,,,2,,,,,500
False,Dhalia,P000234997,Gozo Ir-Rabat,House of Character,,,,4,,,,,1200
False,Dhalia,P000234996,Marsascala,Gr Floor Maisonette,,,,1,,,,,1000
False,Dhalia,P000234992,Gozo Ghajnsielem,Flats,,,,2,,,,,550
False,Dhalia,P000234989,Marsascala,Flats,,,,1,,,,,740
False,Dhalia,P000234945,Naxxar,Flats,,,,3,,,,,2000
False,Dhalia,P000234943,Zurrieq,House of Character,,,,4,,,,,1500
False,Dhalia,P000234918,Sliema,Office,,,,,,,,,6667
False,Dhalia,P000234835,Sliema,Flats,,,,2,,,,,1800
False,Dhalia,P000234834,Santa Venera,Flats,,,,1,,,,,600
False,Dhalia,P000234833,Sliema,Flats,,,,2,,,,,1500
False,Dhalia,P000234832,St Julians,Flats,,,,3,,,,,2200
False,Dhalia,P000234829,Msida,Flats,,,,1,,,,,750
False,Dhalia,P000234828,St Julians,Flats,,,,3,,,,,1800
False,Dhalia,P000234827,Kalkara,Flats,,,,2,,,,,1250
False,Dhalia,P000234815,Gzira,Office,,,,,,,,,975
False,Dhalia,P000234799,Marsascala,Flats,,,,3,,,,,1200
False,Dhalia,P000234791,Marsascala,Flats,,,,2,,,,,650
False,Dhalia,P000234782,Marsascala,Flats,,,,3,,,,,750
False,Dhalia,P000234755,Kalkara,1st Floor Maisonette,,,,2,,,,,950
False,Dhalia,P000234748,Cospicua,Townhouse,,,,1,,,,,700
False,Dhalia,P000234744,Zurrieq,Showroom,,,,,,,,,3042
False,Dhalia,P000234738,St Paul's Bay,Flats,,,,2,,,,,650
False,Dhalia,P000234737,Sliema,Flats,,,,2,,,,,1700
False,Dhalia,P000234736,Sliema,Flats,,,,2,,,,,1700
False,Dhalia,P000234734,Sliema,Flats,,,,2,,,,,1400
False,Dhalia,P000234690,Gzira,Flats,,,,2,,,,,2200
False,Dhalia,P000234685,Gzira,Flats,,,,2,,,,,1400
False,Dhalia,P000234681,Gzira,Flats,,,,1,,,,,1200
False,Dhalia,P000234680,Gzira,Flats,,,,1,,,,,1200
False,Dhalia,P000234620,Bugibba,Shop,,,,,,,,,2281
False,Dhalia,P000234619,Fgura,Shop,,,,,,,,,608
False,Dhalia,P000234616,St Andrews,Penthouse,,,,3,,,,,P.O.R
False,Dhalia,P000234615,L-Iklin,Penthouse,,,,3,,,,,2000
False,Dhalia,P000234614,Valletta,Flats,,,,2,,,,,2800
False,Dhalia,P000234612,Lija,House of Character,,,,5,,,,,6000
False,Dhalia,P000234611,Zabbar,Townhouse,,,,3,,,,,1350
False,Dhalia,P000234604,San Gwann,Commercial,,,,,,,,,1240
False,Dhalia,P000234601,Ta'Xbiex,Flats,,,,3,,,,,1400
False,Dhalia,P000234600,Ta'Xbiex,Flats,,,,3,,,,,1250
False,Dhalia,P000234596,Valletta,Office,,,,,,,,,5800
False,Dhalia,P000234426,Swieqi,Office,,,,,,,,,55000
False,Dhalia,P000234424,Sliema,Business Centre,,,,,,,,,5333
False,Dhalia,P000234294,Attard,Flats,,,,3,,,,,950
False,Dhalia,P000234293,Attard,Flats,,,,3,,,,,850
False,Dhalia,P000234291,St Paul's Bay,Flats,,,,2,,,,,700
False,Dhalia,P000234281,Sliema,Flats,,,,2,,,,,1200
False,Dhalia,P000234280,Marsascala,Flats,,,,2,,,,,850
False,Dhalia,P000234278,Marsascala,Flats,,,,3,,,,,925
False,Dhalia,P000234275,Mosta,Terraced House,,,,4,,,,,1400
False,Dhalia,P000234273,Marsascala,Terraced House,,,,5,,,,,1300
False,Dhalia,P000234271,Gzira,Flats,,,,2,,,,,1300
False,Dhalia,P000234270,Gzira,Flats,,,,2,,,,,1300
False,Dhalia,P000234269,Gzira,Flats,,,,2,,,,,1300
False,Dhalia,P000234268,Gzira,Flats,,,,2,,,,,1300
False,Dhalia,P000234267,Gzira,Flats,,,,2,,,,,1300
False,Dhalia,P000234266,Gzira,Flats,,,,2,,,,,1300
False,Dhalia,P000234265,Gzira,Flats,,,,2,,,,,1300
False,Dhalia,P000234264,Gzira,Flats,,,,2,,,,,1300
False,Dhalia,P000234263,Gzira,Flats,,,,2,,,,,1300
False,Dhalia,P000234262,Gzira,Flats,,,,2,,,,,1300
False,Dhalia,P000234261,Gzira,Flats,,,,2,,,,,1300
False,Dhalia,P000234260,Gzira,Flats,,,,2,,,,,1300
False,Dhalia,P000234259,Gzira,Flats,,,,2,,,,,1300
False,Dhalia,P000234258,Gzira,Flats,,,,2,,,,,1300
False,Dhalia,P000234257,Gzira,Flats,,,,2,,,,,1300
False,Dhalia,P000234256,Gzira,Flats,,,,2,,,,,1300
False,Dhalia,P000234255,Gzira,Flats,,,,2,,,,,1300
False,Dhalia,P000234239,St Julians,Maisonette,,,,1,,,,,750
False,Dhalia,P000234234,Naxxar,Flats,,,,2,,,,,900
False,Dhalia,P000234200,Lija,Farmhouse,,,,2,,,,,850
False,Dhalia,P000234199,Lija,Farmhouse,,,,1,,,,,600
False,Dhalia,P000234198,Swieqi,Flats,,,,1,,,,,1200
False,Dhalia,P000234182,Ta'Xbiex,Flats,,,,2,,,,,1200
False,Dhalia,P000234162,Marsascala,Flats,,,,2,,,,,900
False,Dhalia,P000234160,Birzebbuga,Flats,,,,2,,,,,850
False,Dhalia,P000234156,Swieqi,Flats,,,,3,,,,,1200
False,Dhalia,P000234147,Xemxija,Flats,,,,2,,,,,1600
False,Dhalia,P000234142,Zebbug,Commercial,,,,,,,,,15140
False,Dhalia,P000234141,Zebbug,Commercial,,,,,,,,,26340
False,Dhalia,P000234139,St Julians,Office,,,,,,,,,250000
False,Dhalia,P000234138,St Julians,Office,,,,,,,,,72000
False,Dhalia,P000234137,Zebbug,Commercial,,,,,,,,,35800
False,Dhalia,P000234136,St Julians,Office,,,,,,,,,103000
False,Dhalia,P000234125,Manikata,Maisonette,,,,3,,,,,1200
False,Dhalia,P000234124,Xemxija,Flats,,,,3,,,,,1500
False,Dhalia,P000234108,Mdina,Townhouse,,,,4,,,,,4500
False,Dhalia,P000234047,Mosta,2nd Floor maisonette,,,,3,,,,,900
False,Dhalia,P000234045,Marsascala,Maisonette,,,,2,,,,,900
False,Dhalia,P000234043,Marsascala,Flats,,,,2,,,,,750
False,Dhalia,P000234040,San Pawl Tat-Targa,Flats,,,,2,,,,,1100
False,Dhalia,P000234031,Qawra,Flats,,,,1,,,,,750
False,Dhalia,P000234030,Msida,Flats,,,,2,,,,,950
False,Dhalia,P000234017,Ghaxaq,1st Floor Maisonette,,,,3,,,,,900
False,Dhalia,P000234016,Luqa,Block of Flats,,,,2,,,,,10800
False,Dhalia,P000233974,Mellieha,Flats,,,,2,,,,,950
False,Dhalia,P000233973,Mellieha,Flats,,,,1,,,,,700
False,Dhalia,P000233929,Zejtun,House of Character,,,,3,,,,,3500
False,Dhalia,P000233927,Birkirkara,Flats,,,,3,,,,,850
False,Dhalia,P000233926,Birkirkara,Flats,,,,3,,,,,850
False,Dhalia,P000233924,Birkirkara,Flats,,,,3,,,,,850
False,Dhalia,P000233923,Birkirkara,Flats,,,,3,,,,,850
False,Dhalia,P000233921,Gzira,Flats,,,,2,,,,,1300
False,Dhalia,P000233920,San Gwann,Flats,,,,2,,,,,1200
False,Dhalia,P000233895,Attard,Duplex Apartment,,,,3,,,,,1500
False,Dhalia,P000233890,Marsascala,Flats,,,,2,,,,,1100
False,Dhalia,P000233848,Valletta,Shop,,,,,,,,,3410
False,Dhalia,P000233846,Gozo Il-Qala,Flats,,,,2,,,,,600
False,Dhalia,P000233845,Gozo Il-Qala,Flats,,,,3,,,,,650
False,Dhalia,P000233843,Gozo Xaghra,Flats,,,,2,,,,,800
False,Dhalia,P000233842,Gozo Ghajnsielem,Flats,,,,2,,,,,900
False,Dhalia,P000233838,Gozo In-Nadur,Flats,,,,1,,,,,450
False,Dhalia,P000233793,Ta'L-ibrag,1st Floor Maisonette,,,,3,,,,,1100
False,Dhalia,P000233791,Gozo L-Gharb,Flats,,,,3,,,,,1200
False,Dhalia,P000233790,Gozo Ghajnsielem,House of Character,,,,3,,,,,800
False,Dhalia,P000233785,Fgura,Commercial,,,,,,,,,608
False,Dhalia,P000233752,Rabat,Flats,,,,2,,,,,800
False,Dhalia,P000233751,Mellieha,Office,,,,,,,,,1800
False,Dhalia,P000233750,Mellieha,Office,,,,,,,,,1800
False,Dhalia,P000233743,Bugibba,Shop,,,,,,,,,500
False,Dhalia,P000233718,Gozo Marsalforn,Flats,,,,3,,,,,P.O.R
False,Dhalia,P000233677,Bugibba,Flats,,,,2,,,,,675
False,Dhalia,P000233654,Qormi,Duplex Penthouse,,,,5,,,,,1400
False,Dhalia,P000233652,Qormi,Gr Floor Maisonette,,,,2,,,,,700
False,Dhalia,P000233651,Qormi,Flats,,,,2,,,,,900
False,Dhalia,P000233650,Qormi,Flats,,,,2,,,,,900
False,Dhalia,P000233646,Sliema,Flats,,,,3,,,,,3700
False,Dhalia,P000233639,Rabat,Maisonette,,,,1,,,,,900
False,Dhalia,P000233636,Rabat,Duplex Apartment,,,,2,,,,,1000
False,Dhalia,P000233635,St Julians,Flats,,,,1,,,,,1800
False,Dhalia,P000233627,Gozo Ghajnsielem,House of Character,,,,2,,,,,1500
False,Dhalia,P000233620,Mosta,Duplex Penthouse,,,,3,,,,,1200
False,Dhalia,P000233604,San Pawl Tat-Targa,Penthouse,,,,1,,,,,690
False,Dhalia,P000233595,Sliema,Flats,,,,3,,,,,2300
False,Dhalia,P000233594,Swieqi,Flats,,,,3,,,,,1400
False,Dhalia,P000233583,St Paul's Bay,Shop,,,,,,,,,1800
False,Dhalia,P000233573,Mellieha,Maisonette,,,,2,,,,,750
False,Dhalia,P000233563,Valletta,Office,,,,,,,,,4500
False,Dhalia,P000233559,San Gwann,Flats,,,,3,,,,,1100
False,Dhalia,P000233558,Swatar,Flats,,,,3,,,,,1250
False,Dhalia,P000233557,Mellieha,Flats,,,,2,,,,,850
False,Dhalia,P000233552,Manikata,Flats,,,,3,,,,,950
False,Dhalia,P000233504,Rabat,Flats,,,,3,,,,,850
False,Dhalia,P000233473,Gzira,Flats,,,,2,,,,,1100
False,Dhalia,P000233436,Zurrieq,Penthouse,,,,3,,,,,1100
False,Dhalia,P000233434,Marsascala,Flats,,,,2,,,,,1150
False,Dhalia,P000233430,Marsascala,Semi-Det Bungalow,,,,3,,,,,2000
False,Dhalia,P000233428,Gozo Ir-Rabat,Flats,,,,3,,,,,850
False,Dhalia,P000233427,Gozo Ir-Rabat,Flats,,,,2,,,,,750
False,Dhalia,P000233424,Senglea,Townhouse,,,,4,,,,,1400
False,Dhalia,P000233421,Gozo Sannat,Terraced House,,,,2,,,,,800
False,Dhalia,P000233419,Burmarrad,Shop,,,,,,,,,3041
False,Dhalia,P000233418,Burmarrad,Shop,,,,,,,,,3650
False,Dhalia,P000233414,Gozo Marsalforn,Flats,,,,2,,,,,550
False,Dhalia,P000233413,Gozo L-Gharb,Farmhouse,,,,5,,,,,3200
False,Dhalia,P000233410,Xghajra,Flats,,,,1,,,,,550
False,Dhalia,P000233405,Gozo Xlendi,Flats,,,,2,,,,,550
False,Dhalia,P000233399,Sliema,Terraced House,,,,3,,,,,6000
False,Dhalia,P000233389,Gzira,Flats,,,,1,,,,,1200
False,Dhalia,P000233387,Gzira,Flats,,,,1,,,,,1200
False,Dhalia,P000233370,Qormi,Garage,,,,,,,,,25
False,Dhalia,P000233363,Marsascala,Flats,,,,3,,,,,900
False,Dhalia,P000233361,Marsascala,Flats,,,,3,,,,,850
False,Dhalia,P000233339,Vittoriosa,Commercial - Catering,,,,,,,,,913
False,Dhalia,P000233312,Sliema,Flats,,,,1,,,,,980
False,Dhalia,P000233299,Sliema,Flats,,,,3,,,,,1600
False,Dhalia,P000233251,St Julians,Flats,,,,2,,,,,1400
False,Dhalia,P000233178,Birkirkara,House of Character,,,,3,,,,,5600
False,Dhalia,P000233140,Mellieha,Flats,,,,2,,,,,1000
False,Dhalia,P000233103,Swatar,Flats,,,,1,,,,,650
False,Dhalia,P000233102,Swatar,Flats,,,,2,,,,,1000
False,Dhalia,P000233063,Gzira,Flats,,,,2,,,,,1200
False,Dhalia,P000233061,Siggiewi,Flats,,,,3,,,,,1100
False,Dhalia,P000233040,Msida,Flats,,,,2,,,,,1300
False,Dhalia,P000233024,Sliema,Flats,,,,3,,,,,1750
False,Dhalia,P000233022,St Julians,Flats,,,,3,,,,,1450
False,Dhalia,P000233016,Sliema,Flats,,,,3,,,,,1100
False,Dhalia,P000233010,L-Iklin,Commercial,,,,,,,,,3450
False,Dhalia,P000233008,L-Iklin,Commercial,,,,,,,,,3810
False,Dhalia,P000232986,Santa Venera,Flats,,,,1,,,,,750
False,Dhalia,P000232982,Santa Venera,Flats,,,,3,,,,,1300
False,Dhalia,P000232980,Qawra,Flats,,,,3,,,,,950
False,Dhalia,P000232975,Swieqi,Flats,,,,2,,,,,1200
False,Dhalia,P000232973,Birkirkara,Flats,,,,2,,,,,750
False,Dhalia,P000232962,Mgarr,Gr Floor Maisonette,,,,2,,,,,800
False,Dhalia,P000232953,St Julians,Flats,,,,3,,,,,2400
False,Dhalia,P000232947,Luqa,Flats,,,,2,,,,,900
False,Dhalia,P000232940,Gozo Xlendi,Terraced bungalow,,,,2,,,,,650
False,Dhalia,P000232937,Gozo Xaghra,Terraced House,,,,4,,,,,1200
False,Dhalia,P000232934,Qrendi,Gr Floor Maisonette,,,,1,,,,,600
False,Dhalia,P000232933,Zurrieq,Flats,,,,3,,,,,900
False,Dhalia,P000232932,Marsascala,Flats,,,,2,,,,,750
False,Dhalia,P000232929,Gozo Ghajnsielem,Gr Floor Maisonette,,,,2,,,,,550
False,Dhalia,P000232925,Gozo Marsalforn,Flats,,,,3,,,,,900
False,Dhalia,P000232923,Gozo Xlendi,Flats,,,,1,,,,,400
False,Dhalia,P000232921,Gozo Marsalforn,Flats,,,,3,,,,,550
False,Dhalia,P000232915,Gozo In-Nadur,Flats,,,,2,,,,,575
False,Dhalia,P000232914,Gozo Ghajnsielem,Maisonette,,,,2,,,,,800
False,Dhalia,P000232913,Gzira,Flats,,,,1,,,,,1700
False,Dhalia,P000232909,Sliema,Flats,,,,1,,,,,1000
False,Dhalia,P000232905,Gozo Xaghra,Flats,,,,2,,,,,700
False,Dhalia,P000232904,Attard,Commercial,,,,,,,,,3000
False,Dhalia,P000232897,Kirkop,Penthouse,,,,3,,,,,1200
False,Dhalia,P000232881,Gozo Xaghra,Terraced House,,,,3,,,,,2500
False,Dhalia,P000232878,Gozo Sannat,Penthouse,,,,2,,,,,650
False,Dhalia,P000232877,Gozo Fontana,House of Character,,,,2,,,,,800
False,Dhalia,P000232875,Gozo Marsalforn,Flats,,,,3,,,,,750
False,Dhalia,P000232873,St Julians,Flats,,,,3,,,,,1500
False,Dhalia,P000232865,Swieqi,Penthouse,,,,1,,,,,1300
False,Dhalia,P000232864,Swieqi,Flats,,,,2,,,,,1200
False,Dhalia,P000232858,Gozo In-Nadur,Flats,,,,2,,,,,500
False,Dhalia,P000232855,San Gwann,Penthouse,,,,2,,,,,1200
False,Dhalia,P000232759,Qawra,Flats,,,,3,,,,,1300
False,Dhalia,P000232705,Xghajra,Gr Floor Maisonette,,,,3,,,,,800
False,Dhalia,P000232698,Qawra,Flats,,,,2,,,,,750
False,Dhalia,P000232697,St Paul's Bay,Penthouse,,,,1,,,,,700
False,Dhalia,P000232696,Floriana,Flats,,,,,,,,,750
False,Dhalia,P000232692,Gozo Ir-Rabat,Flats,,,,2,,,,,600
False,Dhalia,P000232685,Marsaxlokk,Flats,,,,2,,,,,700
False,Dhalia,P000232676,Swieqi,Flats,,,,2,,,,,1150
False,Dhalia,P000232672,Birguma,Maisonette,,,,3,,,,,1600
False,Dhalia,P000232670,Zebbug,Flats,,,,2,,,,,800
False,Dhalia,P000232666,Msida,Penthouse,,,,2,,,,,900
False,Dhalia,P000232665,Rabat,Garage,,,,,,,,,913
False,Dhalia,P000232661,Birkirkara,Flats,,,,,,,,,850
False,Dhalia,P000232659,Birkirkara,Flats,,,,,,,,,1200
False,Dhalia,P000232657,St Paul's Bay,Maisonette,,,,1,,,,,550
False,Dhalia,P000232649,Santa Venera,Flats,,,,3,,,,,1100
False,Dhalia,P000232641,Sliema,Flats,,,,2,,,,,1900
False,Dhalia,P000232634,Gozo Ghajnsielem,Flats,,,,3,,,,,600
False,Dhalia,P000232602,Bugibba,Flats,,,,1,,,,,700
False,Dhalia,P000232598,Mgarr,Maisonette,,,,2,,,,,1000
False,Dhalia,P000232589,Sliema,Flats,,,,2,,,,,850
False,Dhalia,P000232588,Valletta,Maisonette,,,,1,,,,,850
False,Dhalia,P000232585,Gozo Ghajnsielem,Flats,,,,3,,,,,600
False,Dhalia,P000232584,Gozo Marsalforn,Flats,,,,2,,,,,600
False,Dhalia,P000232583,Gozo Kercem,Flats,,,,2,,,,,750
False,Dhalia,P000232582,Gozo Kercem,Flats,,,,2,,,,,750
False,Dhalia,P000232568,Gozo Marsalforn,Flats,,,,3,,,,,550
False,Dhalia,P000232567,Sliema,Flats,,,,3,,,,,2500
False,Dhalia,P000232565,Gozo Xaghra,Farmhouse,,,,3,,,,,1600
False,Dhalia,P000232563,Gozo Xaghra,Farmhouse,,,,3,,,,,1200
False,Dhalia,P000232562,St Julians,Flats,,,,1,,,,,1650
False,Dhalia,P000232548,Gozo San Lawrenz,Flats,,,,3,,,,,650
False,Dhalia,P000232546,Gozo Ix-Xewkija,Penthouse,,,,2,,,,,600
False,Dhalia,P000232545,Gozo Iz-Zebbug,Flats,,,,2,,,,,560
False,Dhalia,P000232544,Gozo Ix-Xewkija,Terraced House,,,,4,,,,,750
False,Dhalia,P000232539,Sliema,Penthouse,,,,1,,,,,850
False,Dhalia,P000232510,Gozo Il-Qala,Flats,,,,2,,,,,800
False,Dhalia,P000232502,Sliema,Flats,,,,2,,,,,950
False,Dhalia,P000232501,Gozo San Lawrenz,Farmhouse,,,,3,,,,,800
False,Dhalia,P000232500,Gozo Il-Qala,Terraced House,,,,3,,,,,1050
False,Dhalia,P000232499,Msida,Maisonette,,,,3,,,,,1200
False,Dhalia,P000232498,Bugibba,Flats,,,,3,,,,,1300
False,Dhalia,P000232496,Gozo Xaghra,Flats,,,,3,,,,,850
False,Dhalia,P000232489,Zurrieq,Flats,,,,3,,,,,800
False,Dhalia,P000232468,Ghaxaq,Gr Floor Maisonette,,,,2,,,,,750
False,Dhalia,P000232465,Swieqi,Flats,,,,3,,,,,1100
